Statistical Population,New Clinical Cases,Adult Vectors,Infected,Time,Day,Year,date,Run_Number
1400,0,27849,0.1507142931223,0,0,2022,2021-12-31,0
1400,0,25847,0.1507142931223,1,1,2022,2022-01-01,0
1400,0,23959,0.1507142931223,2,2,2022,2022-01-02,0
1400,0,22248,0.1507142931223,3,3,2022,2022-01-03,0
1400,0,20624,0.1507142931223,4,4,2022,2022-01-04,0
1400,0,19143,0.1507142931223,5,5,2022,2022-01-05,0
1400,0,17779,0.1507142931223,6,6,2022,2022-01-06,0
1400,0,16493,0.1507142931223,7,7,2022,2022-01-07,0
1400,0,15297,0.1507142931223,8,8,2022,2022-01-08,0
1400,0,14191,0.1507142931223,9,9,2022,2022-01-09,0
1400,0,13157,0.1507142931223,10,10,2022,2022-01-10,0
1401,0,12205,0.1506067067385,11,11,2022,2022-01-11,0
1401,0,11359,0.1506067067385,12,12,2022,2022-01-12,0
1401,1,10556,0.1506067067385,13,13,2022,2022-01-13,0
1401,2,9757,0.1506067067385,14,14,2022,2022-01-14,0
1401,11,9050,0.1506067067385,15,15,2022,2022-01-15,0
1401,29,8391,0.1506067067385,16,16,2022,2022-01-16,0
1401,59,7786,0.1506067067385,17,17,2022,2022-01-17,0
1401,69,7221,0.1506067067385,18,18,2022,2022-01-18,0
1401,30,6694,0.1506067067385,19,19,2022,2022-01-19,0
1401,10,6223,0.1506067067385,20,20,2022,2022-01-20,0
1401,0,7102,0.1506067067385,21,21,2022,2022-01-21,0
1401,0,9235,0.1506067067385,22,22,2022,2022-01-22,0
1401,0,8589,0.1506067067385,23,23,2022,2022-01-23,0
1401,0,8315,0.1506067067385,24,24,2022,2022-01-24,0
1401,0,7970,0.1506067067385,25,25,2022,2022-01-25,0
1401,0,7556,0.1506067067385,26,26,2022,2022-01-26,0
1401,0,7308,0.1506067067385,27,27,2022,2022-01-27,0
1400,0,9073,0.1507142931223,28,28,2022,2022-01-28,0
1399,0,10808,0.1508220136166,29,29,2022,2022-01-29,0
1399,0,10803,0.1508220136166,30,30,2022,2022-01-30,0
1398,0,10652,0.1509298980236,31,31,2022,2022-01-31,0
1398,0,9839,0.1509298980236,32,32,2022,2022-02-01,0
1399,0,14665,0.1508220136166,33,33,2022,2022-02-02,0
1399,0,22188,0.1508220136166,34,34,2022,2022-02-03,0
1398,0,34417,0.1509298980236,35,35,2022,2022-02-04,0
1398,0,35325,0.1509298980236,36,36,2022,2022-02-05,0
1398,0,34489,0.1509298980236,37,37,2022,2022-02-06,0
1398,0,34287,0.1509298980236,38,38,2022,2022-02-07,0
1398,0,31647,0.1509298980236,39,39,2022,2022-02-08,0
1398,0,32249,0.1509298980236,40,40,2022,2022-02-09,0
1398,0,31541,0.1509298980236,41,41,2022,2022-02-10,0
1398,0,32093,0.1509298980236,42,42,2022,2022-02-11,0
1396,0,31209,0.1511461287737,43,43,2022,2022-02-12,0
1396,0,28949,0.1511461287737,44,44,2022,2022-02-13,0
1396,0,28697,0.1511461287737,45,45,2022,2022-02-14,0
1395,0,27738,0.1512544751167,46,46,2022,2022-02-15,0
1395,0,26877,0.1526881754398,47,47,2022,2022-02-16,0
1395,0,26302,0.1605734825134,48,48,2022,2022-02-17,0
1395,0,25673,0.172759860754,49,49,2022,2022-02-18,0
1395,0,27053,0.1835125386715,50,50,2022,2022-02-19,0
1395,0,27152,0.2000000029802,51,51,2022,2022-02-20,0
1395,0,57249,0.2136200666428,52,52,2022,2022-02-21,0
1395,0,51997,0.2379928380251,53,53,2022,2022-02-22,0
1395,0,53259,0.2731182873249,54,54,2022,2022-02-23,0
1395,0,52807,0.3426523208618,55,55,2022,2022-02-24,0
1395,0,79503,0.4035842418671,56,56,2022,2022-02-25,0
1395,0,110642,0.4802867472172,57,57,2022,2022-02-26,0
1395,0,114443,0.566308259964,58,58,2022,2022-02-27,0
1395,0,138061,0.6308243870735,59,59,2022,2022-02-28,0
1395,0,150918,0.6917562484741,60,60,2022,2022-03-01,0
1394,0,157489,0.7338594198227,61,61,2022,2022-03-02,0
1394,0,179751,0.77331417799,62,62,2022,2022-03-03,0
1393,4,187050,0.8126345872879,63,63,2022,2022-03-04,0
1394,4,190979,0.8393113613129,64,64,2022,2022-03-05,0
1394,13,194903,0.8615494966507,65,65,2022,2022-03-06,0
1394,14,215927,0.8816356062889,66,66,2022,2022-03-07,0
1394,18,255044,0.8923959732056,67,67,2022,2022-03-08,0
1394,22,255298,0.9017216563225,68,68,2022,2022-03-09,0
1394,28,237409,0.9225251078606,69,69,2022,2022-03-10,0
1393,37,256170,0.9289303421974,70,70,2022,2022-03-11,0
1393,67,250995,0.9339554905891,71,71,2022,2022-03-12,0
1392,79,249989,0.9410919547081,72,72,2022,2022-03-13,0
1392,111,232727,0.9475574493408,73,73,2022,2022-03-14,0
1392,121,231061,0.9504310488701,74,74,2022,2022-03-15,0
1392,125,235918,0.956178188324,75,75,2022,2022-03-16,0
1392,120,237631,0.9604884982109,76,76,2022,2022-03-17,0
1392,98,235736,0.964080452919,77,77,2022,2022-03-18,0
1392,87,237256,0.9662356376648,78,78,2022,2022-03-19,0
1392,67,238457,0.9676724076271,79,79,2022,2022-03-20,0
1391,56,243156,0.9705247879028,80,80,2022,2022-03-21,0
1390,42,246307,0.9755395650864,81,81,2022,2022-03-22,0
1390,33,248909,0.9776978492737,82,82,2022,2022-03-23,0
1390,26,230614,0.979856133461,83,83,2022,2022-03-24,0
1390,24,230883,0.9805755615234,84,84,2022,2022-03-25,0
1390,25,230245,0.9812949895859,85,85,2022,2022-03-26,0
1391,30,225809,0.9805895090103,86,86,2022,2022-03-27,0
1391,14,227696,0.9820272922516,87,87,2022,2022-03-28,0
1391,13,237162,0.9820272922516,88,88,2022,2022-03-29,0
1391,14,241581,0.9820272922516,89,89,2022,2022-03-30,0
1391,9,241853,0.9841840267181,90,90,2022,2022-03-31,0
1391,7,224471,0.9849029183388,91,91,2022,2022-04-01,0
1391,7,218817,0.9863407611847,92,92,2022,2022-04-02,0
1390,7,230804,0.9863309264183,93,93,2022,2022-04-03,0
1390,3,226948,0.9870503544807,94,94,2022,2022-04-04,0
1390,4,224921,0.9877697825432,95,95,2022,2022-04-05,0
1390,8,221837,0.9877697825432,96,96,2022,2022-04-06,0
1390,5,204992,0.9884892106056,97,97,2022,2022-04-07,0
1390,6,200961,0.9892086386681,98,98,2022,2022-04-08,0
1390,1,199229,0.9892086386681,99,99,2022,2022-04-09,0
1390,3,197883,0.9892086386681,100,100,2022,2022-04-10,0
1390,2,196220,0.9899280667305,101,101,2022,2022-04-11,0
1389,0,197040,0.9892008900642,102,102,2022,2022-04-12,0
1389,2,195329,0.9892008900642,103,103,2022,2022-04-13,0
1388,1,190574,0.9913544654846,104,104,2022,2022-04-14,0
1387,2,186942,0.9942321777344,105,105,2022,2022-04-15,0
1387,3,181682,0.9956741333008,106,106,2022,2022-04-16,0
1388,2,168571,0.9971181750298,107,107,2022,2022-04-17,0
1388,3,164112,0.9971181750298,108,108,2022,2022-04-18,0
1387,2,159620,0.9978370666504,109,109,2022,2022-04-19,0
1387,3,156696,0.9985580444336,110,110,2022,2022-04-20,0
1387,0,153231,0.9985580444336,111,111,2022,2022-04-21,0
1387,0,148792,0.9985580444336,112,112,2022,2022-04-22,0
1387,1,144093,0.9985580444336,113,113,2022,2022-04-23,0
1388,2,140201,0.9985590577126,114,114,2022,2022-04-24,0
1388,2,138424,0.9992795586586,115,115,2022,2022-04-25,0
1388,0,134974,0.9992795586586,116,116,2022,2022-04-26,0
1387,3,132185,0.9992790222168,117,117,2022,2022-04-27,0
1386,3,128554,0.999278485775,118,118,2022,2022-04-28,0
1386,8,125100,0.999278485775,119,119,2022,2022-04-29,0
1387,1,121125,0.9985580444336,120,120,2022,2022-04-30,0
1387,4,117843,0.9985580444336,121,121,2022,2022-05-01,0
1387,7,115158,0.9992790222168,122,122,2022,2022-05-02,0
1387,5,111677,0.9992790222168,123,123,2022,2022-05-03,0
1387,5,103138,0.9992790222168,124,124,2022,2022-05-04,0
1387,3,99862,0.9992790222168,125,125,2022,2022-05-05,0
1387,7,97153,1.0,126,126,2022,2022-05-06,0
1388,4,93844,0.9992795586586,127,127,2022,2022-05-07,0
1388,2,90443,1.0,128,128,2022,2022-05-08,0
1388,4,87768,0.9992795586586,129,129,2022,2022-05-09,0
1388,4,84180,0.9992795586586,130,130,2022,2022-05-10,0
1388,1,81405,0.9992795586586,131,131,2022,2022-05-11,0
1388,0,79182,0.9992795586586,132,132,2022,2022-05-12,0
1388,0,73085,0.9992795586586,133,133,2022,2022-05-13,0
1388,2,70920,0.9992795586586,134,134,2022,2022-05-14,0
1388,1,68560,1.0,135,135,2022,2022-05-15,0
1388,3,63216,1.0,136,136,2022,2022-05-16,0
1388,2,61146,1.0,137,137,2022,2022-05-17,0
1388,0,58455,1.0,138,138,2022,2022-05-18,0
1388,1,53849,1.0,139,139,2022,2022-05-19,0
1388,0,52257,1.0,140,140,2022,2022-05-20,0
1388,1,48237,1.0,141,141,2022,2022-05-21,0
1388,3,46732,1.0,142,142,2022,2022-05-22,0
1387,6,45198,1.0,143,143,2022,2022-05-23,0
1387,0,43086,1.0,144,144,2022,2022-05-24,0
1388,2,39729,0.9992795586586,145,145,2022,2022-05-25,0
1388,0,38823,0.9992795586586,146,146,2022,2022-05-26,0
1388,1,37404,0.9992795586586,147,147,2022,2022-05-27,0
1388,1,34480,0.9992795586586,148,148,2022,2022-05-28,0
1388,1,33702,0.9992795586586,149,149,2022,2022-05-29,0
1388,2,32200,0.9992795586586,150,150,2022,2022-05-30,0
1388,3,31174,0.9992795586586,151,151,2022,2022-05-31,0
1388,1,28998,0.9992795586586,152,152,2022,2022-06-01,0
1388,1,27962,0.9992795586586,153,153,2022,2022-06-02,0
1388,1,26870,0.9992795586586,154,154,2022,2022-06-03,0
1388,0,26323,0.9992795586586,155,155,2022,2022-06-04,0
1388,3,24296,0.9992795586586,156,156,2022,2022-06-05,0
1388,3,23193,0.9992795586586,157,157,2022,2022-06-06,0
1388,3,22526,0.9992795586586,158,158,2022,2022-06-07,0
1388,2,21705,0.9992795586586,159,159,2022,2022-06-08,0
1388,1,20065,0.9992795586586,160,160,2022,2022-06-09,0
1389,1,19508,0.9985601305962,161,161,2022,2022-06-10,0
1389,0,18676,0.9992800354958,162,162,2022,2022-06-11,0
1388,0,17876,0.9992795586586,163,163,2022,2022-06-12,0
1388,2,17479,0.9992795586586,164,164,2022,2022-06-13,0
1387,1,16082,0.9992790222168,165,165,2022,2022-06-14,0
1387,2,15407,0.9992790222168,166,166,2022,2022-06-15,0
1386,4,15080,0.999278485775,167,167,2022,2022-06-16,0
1386,1,14516,0.999278485775,168,168,2022,2022-06-17,0
1386,2,13907,0.999278485775,169,169,2022,2022-06-18,0
1387,0,12931,0.9985580444336,170,170,2022,2022-06-19,0
1386,5,12516,0.99855697155,171,171,2022,2022-06-20,0
1386,6,12035,0.99855697155,172,172,2022,2022-06-21,0
1386,2,11695,0.99855697155,173,173,2022,2022-06-22,0
1386,2,11354,0.99855697155,174,174,2022,2022-06-23,0
1386,3,10982,0.99855697155,175,175,2022,2022-06-24,0
1386,6,10213,0.99855697155,176,176,2022,2022-06-25,0
1386,6,9937,0.99855697155,177,177,2022,2022-06-26,0
1387,6,9574,0.9978370666504,178,178,2022,2022-06-27,0
1386,6,9244,0.9978355169296,179,179,2022,2022-06-28,0
1386,7,8790,0.9978355169296,180,180,2022,2022-06-29,0
1386,5,8170,0.99855697155,181,181,2022,2022-06-30,0
1386,6,7957,0.99855697155,182,182,2022,2022-07-01,0
1386,8,7669,0.99855697155,183,183,2022,2022-07-02,0
1386,15,7328,0.9978355169296,184,184,2022,2022-07-03,0
1386,11,7152,0.9978355169296,185,185,2022,2022-07-04,0
1386,9,7005,0.9978355169296,186,186,2022,2022-07-05,0
1387,19,6866,0.9971160888672,187,187,2022,2022-07-06,0
1387,9,6682,0.996395111084,188,188,2022,2022-07-07,0
1387,9,6499,0.996395111084,189,189,2022,2022-07-08,0
1387,12,6232,0.996395111084,190,190,2022,2022-07-09,0
1386,14,6058,0.9956709742546,191,191,2022,2022-07-10,0
1386,10,5612,0.9949495196342,192,192,2022,2022-07-11,0
1385,14,5406,0.9956678748131,193,193,2022,2022-07-12,0
1385,11,5243,0.9956678748131,194,194,2022,2022-07-13,0
1385,13,5130,0.9956678748131,195,195,2022,2022-07-14,0
1385,15,4968,0.9949458241463,196,196,2022,2022-07-15,0
1385,11,4793,0.9949458241463,197,197,2022,2022-07-16,0
1385,11,4671,0.9949458241463,198,198,2022,2022-07-17,0
1385,9,4603,0.9949458241463,199,199,2022,2022-07-18,0
1385,6,4458,0.9949458241463,200,200,2022,2022-07-19,0
1385,7,4349,0.9949458241463,201,201,2022,2022-07-20,0
1385,6,4254,0.9949458241463,202,202,2022,2022-07-21,0
1385,7,4435,0.9949458241463,203,203,2022,2022-07-22,0
1385,10,4288,0.9942238330841,204,204,2022,2022-07-23,0
1384,6,4214,0.994219660759,205,205,2022,2022-07-24,0
1384,10,4082,0.994219660759,206,206,2022,2022-07-25,0
1384,9,3795,0.994219660759,207,207,2022,2022-07-26,0
1384,15,3699,0.994219660759,208,208,2022,2022-07-27,0
1384,7,3585,0.994219660759,209,209,2022,2022-07-28,0
1385,8,3505,0.9927797913551,210,210,2022,2022-07-29,0
1385,9,3421,0.9913357496262,211,211,2022,2022-07-30,0
1385,8,3319,0.9927797913551,212,212,2022,2022-07-31,0
1385,6,3264,0.9927797913551,213,213,2022,2022-08-01,0
1385,6,3204,0.9913357496262,214,214,2022,2022-08-02,0
1385,8,3137,0.9913357496262,215,215,2022,2022-08-03,0
1385,7,3099,0.9898917078972,216,216,2022,2022-08-04,0
1385,5,3021,0.9898917078972,217,217,2022,2022-08-05,0
1385,5,2958,0.9877256155014,218,218,2022,2022-08-06,0
1385,3,2881,0.9848375320435,219,219,2022,2022-08-07,0
1385,9,2805,0.9841155409813,220,220,2022,2022-08-08,0
1385,5,2729,0.9841155409813,221,221,2022,2022-08-09,0
1385,9,2679,0.9812274575233,222,222,2022,2022-08-10,0
1386,7,2606,0.9783549904823,223,223,2022,2022-08-11,0
1386,7,2574,0.9761904478073,224,224,2022,2022-08-12,0
1385,3,2535,0.9740072488785,225,225,2022,2022-08-13,0
1384,5,2461,0.9725433588028,226,226,2022,2022-08-14,0
1384,2,2414,0.9718208312988,227,227,2022,2022-08-15,0
1382,6,2483,0.9688856601715,228,228,2022,2022-08-16,0
1382,2,2429,0.967438519001,229,229,2022,2022-08-17,0
1382,2,2534,0.9638205766678,230,230,2022,2022-08-18,0
1383,7,2649,0.9609544277191,231,231,2022,2022-08-19,0
1383,5,2775,0.9587852358818,232,232,2022,2022-08-20,0
1383,3,2849,0.9573391079903,233,233,2022,2022-08-21,0
1383,9,2837,0.9566160440445,234,234,2022,2022-08-22,0
1383,6,2879,0.9558929800987,235,235,2022,2022-08-23,0
1385,3,3004,0.9516245722771,236,236,2022,2022-08-24,0
1384,2,3118,0.9508670568466,237,237,2022,2022-08-25,0
1384,3,3290,0.9508670568466,238,238,2022,2022-08-26,0
1384,4,3468,0.9501445293427,239,239,2022,2022-08-27,0
1384,4,3681,0.949421942234,240,240,2022,2022-08-28,0
1385,6,3712,0.9465703964233,241,241,2022,2022-08-29,0
1385,4,3863,0.9465703964233,242,242,2022,2022-08-30,0
1385,5,3834,0.9451263546944,243,243,2022,2022-08-31,0
1385,7,4052,0.9444043040276,244,244,2022,2022-09-01,0
1385,8,4055,0.9429602622986,245,245,2022,2022-09-02,0
1385,7,4295,0.9422382712364,246,246,2022,2022-09-03,0
1385,6,4279,0.9415162205696,247,247,2022,2022-09-04,0
1385,10,4506,0.9429602622986,248,248,2022,2022-09-05,0
1385,7,4470,0.9407942295074,249,249,2022,2022-09-06,0
1385,9,4479,0.9386281371117,250,250,2022,2022-09-07,0
1385,11,4430,0.9400721788406,251,251,2022,2022-09-08,0
1385,8,4335,0.9379061460495,252,252,2022,2022-09-09,0
1385,14,4067,0.9350180625916,253,253,2022,2022-09-10,0
1385,16,4050,0.9314079284668,254,254,2022,2022-09-11,0
1385,11,4232,0.9306859374046,255,255,2022,2022-09-12,0
1385,19,4216,0.9292418956757,256,256,2022,2022-09-13,0
1385,17,4206,0.9277978539467,257,257,2022,2022-09-14,0
1385,11,4150,0.9285198450089,258,258,2022,2022-09-15,0
1385,20,4133,0.9270758032799,259,259,2022,2022-09-16,0
1385,13,3826,0.9263538122177,260,260,2022,2022-09-17,0
1384,13,3796,0.9248554706573,261,261,2022,2022-09-18,0
1384,12,3526,0.9241329431534,262,262,2022,2022-09-19,0
1383,14,3494,0.9219089150429,263,263,2022,2022-09-20,0
1383,14,3496,0.9204627871513,264,264,2022,2022-09-21,0
1382,18,3450,0.9175108671188,265,265,2022,2022-09-22,0
1382,9,3469,0.9175108671188,266,266,2022,2022-09-23,0
1382,18,3444,0.9167872667313,267,267,2022,2022-09-24,0
1382,15,3432,0.9160636663437,268,268,2022,2022-09-25,0
1382,7,3621,0.9146165251732,269,269,2022,2022-09-26,0
1382,10,3547,0.913169324398,270,270,2022,2022-09-27,0
1382,11,3547,0.9117221236229,271,271,2022,2022-09-28,0
1382,8,3493,0.9109985232353,272,272,2022,2022-09-29,0
1381,13,3683,0.9102100133896,273,273,2022,2022-09-30,0
1381,9,3618,0.9094858765602,274,274,2022,2022-10-01,0
1381,12,3355,0.9080376625061,275,275,2022,2022-10-02,0
1381,9,3325,0.9073135256767,276,276,2022,2022-10-03,0
1382,12,3246,0.9081041812897,277,277,2022,2022-10-04,0
1381,11,3020,0.9058653116226,278,278,2022,2022-10-05,0
1382,12,3034,0.9037626385689,279,279,2022,2022-10-06,0
1382,14,2968,0.9015918970108,280,280,2022,2022-10-07,0
1382,13,3120,0.8994211554527,281,281,2022,2022-10-08,0
1382,12,3287,0.89725035429,282,282,2022,2022-10-09,0
1382,14,3253,0.8965267539024,283,283,2022,2022-10-10,0
1383,11,3254,0.8958785533905,284,284,2022,2022-10-11,0
1383,9,3495,0.8966016173363,285,285,2022,2022-10-12,0
1383,11,3463,0.8980477452278,286,286,2022,2022-10-13,0
1383,12,3413,0.8966016173363,287,287,2022,2022-10-14,0
1384,22,3421,0.8966763019562,288,288,2022,2022-10-15,0
1384,7,3182,0.8973988294601,289,289,2022,2022-10-16,0
1384,5,3179,0.8973988294601,290,290,2022,2022-10-17,0
1384,11,3175,0.8973988294601,291,291,2022,2022-10-18,0
1383,13,3120,0.8958785533905,292,292,2022,2022-10-19,0
1383,8,3320,0.8966016173363,293,293,2022,2022-10-20,0
1383,12,3563,0.8966016173363,294,294,2022,2022-10-21,0
1383,8,3473,0.8966016173363,295,295,2022,2022-10-22,0
1383,16,3716,0.8980477452278,296,296,2022,2022-10-23,0
1383,9,3693,0.9009400010109,297,297,2022,2022-10-24,0
1383,11,3656,0.9023861289024,298,298,2022,2022-10-25,0
1382,7,4065,0.9037626385689,299,299,2022,2022-10-26,0
1382,5,4067,0.9059334397316,300,300,2022,2022-10-27,0
1382,8,4089,0.9059334397316,301,301,2022,2022-10-28,0
1382,12,4499,0.9081041812897,302,302,2022,2022-10-29,0
1382,17,4405,0.9073805809021,303,303,2022,2022-10-30,0
1382,11,4381,0.9088277816772,304,304,2022,2022-10-31,0
1382,11,4387,0.905209839344,305,305,2022,2022-11-01,0
1382,11,4293,0.9059334397316,306,306,2022,2022-11-02,0
1382,6,4680,0.9044862389565,307,307,2022,2022-11-03,0
1380,14,4344,0.9079710245132,308,308,2022,2022-11-04,0
1380,13,4286,0.9101449251175,309,309,2022,2022-11-05,0
1380,13,4924,0.9137681126595,310,310,2022,2022-11-06,0
1381,17,6084,0.9145546555519,311,311,2022,2022-11-07,0
1382,23,6412,0.9146165251732,312,312,2022,2022-11-08,0
1382,16,6348,0.9167872667313,313,313,2022,2022-11-09,0
1382,20,7363,0.9196816086769,314,314,2022,2022-11-10,0
1382,25,7174,0.9196816086769,315,315,2022,2022-11-11,0
1382,19,7059,0.9232995510101,316,316,2022,2022-11-12,0
1382,17,7100,0.9247467517853,317,317,2022,2022-11-13,0
1381,17,7012,0.9254163503647,318,318,2022,2022-11-14,0
1381,15,6954,0.9268645644188,319,319,2022,2022-11-15,0
1381,20,6898,0.9290369153023,320,320,2022,2022-11-16,0
1381,11,6346,0.9297610521317,321,321,2022,2022-11-17,0
1381,25,6711,0.9326574802399,322,322,2022,2022-11-18,0
1381,10,6196,0.934105694294,323,323,2022,2022-11-19,0
1381,15,6013,0.934105694294,324,324,2022,2022-11-20,0
1381,20,5666,0.9348298311234,325,325,2022,2022-11-21,0
1381,25,5594,0.9355539679527,326,326,2022,2022-11-22,0
1381,24,5530,0.9391745328903,327,327,2022,2022-11-23,0
1381,32,5490,0.9391745328903,328,328,2022,2022-11-24,0
1381,25,5673,0.9406227469444,329,329,2022,2022-11-25,0
1381,32,5569,0.9398986101151,330,330,2022,2022-11-26,0
1381,17,5177,0.9398986101151,331,331,2022,2022-11-27,0
1381,18,5270,0.9420709609985,332,332,2022,2022-11-28,0
1381,18,5189,0.9427950978279,333,333,2022,2022-11-29,0
1380,18,5078,0.9456521868706,334,334,2022,2022-11-30,0
1380,18,5757,0.9492753744125,335,335,2022,2022-12-01,0
1380,18,7740,0.9507246613503,336,336,2022,2022-12-02,0
1380,13,26645,0.9521738886833,337,337,2022,2022-12-03,0
1380,20,26377,0.953623175621,338,338,2022,2022-12-04,0
1380,15,34496,0.9565217494965,339,339,2022,2022-12-05,0
1380,14,48827,0.957246363163,340,340,2022,2022-12-06,0
1381,11,46539,0.9572773575783,341,341,2022,2022-12-07,0
1381,11,49280,0.958001434803,342,342,2022,2022-12-08,0
1381,12,46317,0.9616219997406,343,343,2022,2022-12-09,0
1381,10,49379,0.96234613657,344,344,2022,2022-12-10,0
1381,10,48142,0.96234613657,345,345,2022,2022-12-11,0
1381,9,46386,0.9630702137947,346,346,2022,2022-12-12,0
1381,17,44518,0.9645184874535,347,347,2022,2022-12-13,0
1381,16,43772,0.9630702137947,348,348,2022,2022-12-14,0
1380,21,42646,0.9637681245804,349,349,2022,2022-12-15,0
1380,13,39717,0.9644927382469,350,350,2022,2022-12-16,0
1380,19,37117,0.9644927382469,351,351,2022,2022-12-17,0
1380,20,36002,0.9673913121223,352,352,2022,2022-12-18,0
1380,14,34111,0.9695652127266,353,353,2022,2022-12-19,0
1380,22,37481,0.9717391133308,354,354,2022,2022-12-20,0
1379,17,41703,0.974619269371,355,355,2022,2022-12-21,0
1379,21,54645,0.975344479084,356,356,2022,2022-12-22,0
1379,14,57584,0.9811457395554,357,357,2022,2022-12-23,0
1378,14,59687,0.9818577766418,358,358,2022,2022-12-24,0
1378,11,58685,0.982583463192,359,359,2022,2022-12-25,0
1379,15,57620,0.986221909523,360,360,2022,2022-12-26,0
1379,12,55727,0.9876722097397,361,361,2022,2022-12-27,0
1379,19,63386,0.9876722097397,362,362,2022,2022-12-28,0
1379,13,61389,0.992023229599,363,363,2022,2022-12-29,0
1379,7,57275,0.9927483797073,364,364,2022,2022-12-30,0
1378,10,55172,0.994920194149,365,0,2023,2022-12-31,0
1378,19,61927,0.9941945075989,366,1,2023,2023-01-01,0
1378,13,70235,0.9941945075989,367,2,2023,2023-01-02,0
1378,15,68065,0.994920194149,368,3,2023,2023-01-03,0
1378,12,72305,0.9956458806992,369,4,2023,2023-01-04,0
1378,19,81140,0.9956458806992,370,5,2023,2023-01-05,0
1378,13,74829,0.9956458806992,371,6,2023,2023-01-06,0
1378,24,73704,0.9963715672493,372,7,2023,2023-01-07,0
1377,35,71759,0.9963689446449,373,8,2023,2023-01-08,0
1377,27,68647,0.9963689446449,374,9,2023,2023-01-09,0
1377,29,74359,0.9963689446449,375,10,2023,2023-01-10,0
1377,25,72840,0.9963689446449,376,11,2023,2023-01-11,0
1377,14,71137,0.9963689446449,377,12,2023,2023-01-12,0
1377,15,85003,0.9970951080322,378,13,2023,2023-01-13,0
1377,19,91884,0.9978213310242,379,14,2023,2023-01-14,0
1377,14,92267,0.9978213310242,380,15,2023,2023-01-15,0
1377,11,86337,0.9978213310242,381,16,2023,2023-01-16,0
1379,6,88661,0.9963741898537,382,17,2023,2023-01-17,0
1378,7,90697,0.9963715672493,383,18,2023,2023-01-18,0
1379,7,104918,0.9956490397453,384,19,2023,2023-01-19,0
1379,11,96849,0.9956490397453,385,20,2023,2023-01-20,0
1380,10,95552,0.9956521987915,386,21,2023,2023-01-21,0
1380,8,92679,0.9956521987915,387,22,2023,2023-01-22,0
1380,12,90516,0.9956521987915,388,23,2023,2023-01-23,0
1380,15,88880,0.996376812458,389,24,2023,2023-01-24,0
1380,8,85519,0.9971014261246,390,25,2023,2023-01-25,0
1380,9,83360,0.9971014261246,391,26,2023,2023-01-26,0
1380,3,82193,0.9971014261246,392,27,2023,2023-01-27,0
1380,8,83578,0.9971014261246,393,28,2023,2023-01-28,0
1380,7,82299,0.9971014261246,394,29,2023,2023-01-29,0
1380,16,79680,0.9978260993958,395,30,2023,2023-01-30,0
1380,5,77513,0.9978260993958,396,31,2023,2023-01-31,0
1380,6,77412,0.9978260993958,397,32,2023,2023-02-01,0
1381,8,79476,0.9963794350624,398,33,2023,2023-02-02,0
1381,9,82508,0.9971035718918,399,34,2023,2023-02-03,0
1381,6,82014,0.9971035718918,400,35,2023,2023-02-04,0
1381,4,82513,0.9985517859459,401,36,2023,2023-02-05,0
1381,13,80378,0.9985517859459,402,37,2023,2023-02-06,0
1381,10,79682,0.9985517859459,403,38,2023,2023-02-07,0
1381,8,86823,0.9985517859459,404,39,2023,2023-02-08,0
1380,11,90770,0.9985507130623,405,40,2023,2023-02-09,0
1379,14,88317,0.9985496997833,406,41,2023,2023-02-10,0
1380,8,92093,0.9978260993958,407,42,2023,2023-02-11,0
1379,8,91467,0.9985496997833,408,43,2023,2023-02-12,0
1378,12,88015,0.9985486268997,409,44,2023,2023-02-13,0
1378,6,86457,0.9985486268997,410,45,2023,2023-02-14,0
1378,16,84737,0.9985486268997,411,46,2023,2023-02-15,0
1378,8,83348,0.9985486268997,412,47,2023,2023-02-16,0
1378,11,84786,0.9985486268997,413,48,2023,2023-02-17,0
1378,12,82477,0.9985486268997,414,49,2023,2023-02-18,0
1378,5,90309,0.9985486268997,415,50,2023,2023-02-19,0
1378,10,89144,0.9985486268997,416,51,2023,2023-02-20,0
1378,8,89889,0.9985486268997,417,52,2023,2023-02-21,0
1378,15,87748,0.9985486268997,418,53,2023,2023-02-22,0
1378,11,81331,0.9985486268997,419,54,2023,2023-02-23,0
1378,12,82455,0.9985486268997,420,55,2023,2023-02-24,0
1378,7,92508,0.9985486268997,421,56,2023,2023-02-25,0
1378,16,90601,0.9992743134499,422,57,2023,2023-02-26,0
1378,13,88414,0.9992743134499,423,58,2023,2023-02-27,0
1378,11,87419,1.0,424,59,2023,2023-02-28,0
1378,7,81549,1.0,425,60,2023,2023-03-01,0
1378,10,80562,1.0,426,61,2023,2023-03-02,0
1379,13,77635,0.9992748498917,427,62,2023,2023-03-03,0
1379,13,74812,0.9992748498917,428,63,2023,2023-03-04,0
1379,12,70596,0.9992748498917,429,64,2023,2023-03-05,0
1379,7,69171,1.0,430,65,2023,2023-03-06,0
1379,7,87320,1.0,431,66,2023,2023-03-07,0
1378,10,87361,1.0,432,67,2023,2023-03-08,0
1378,7,85138,1.0,433,68,2023,2023-03-09,0
1378,11,83306,1.0,434,69,2023,2023-03-10,0
1378,9,80591,1.0,435,70,2023,2023-03-11,0
1376,18,77111,1.0,436,71,2023,2023-03-12,0
1376,8,74823,1.0,437,72,2023,2023-03-13,0
1375,10,73937,1.0,438,73,2023,2023-03-14,0
1375,15,71534,1.0,439,74,2023,2023-03-15,0
1375,21,68961,1.0,440,75,2023,2023-03-16,0
1375,11,66105,1.0,441,76,2023,2023-03-17,0
1375,10,62769,1.0,442,77,2023,2023-03-18,0
1375,12,60951,1.0,443,78,2023,2023-03-19,0
1375,14,58416,1.0,444,79,2023,2023-03-20,0
1375,14,55092,1.0,445,80,2023,2023-03-21,0
1376,15,52221,0.9992732405663,446,81,2023,2023-03-22,0
1376,10,49445,0.9992732405663,447,82,2023,2023-03-23,0
1376,13,48151,1.0,448,83,2023,2023-03-24,0
1376,15,50731,1.0,449,84,2023,2023-03-25,0
1376,14,50804,1.0,450,85,2023,2023-03-26,0
1376,9,48958,1.0,451,86,2023,2023-03-27,0
1376,11,47812,1.0,452,87,2023,2023-03-28,0
1376,11,46303,1.0,453,88,2023,2023-03-29,0
1376,14,44062,1.0,454,89,2023,2023-03-30,0
1377,14,40996,0.9992737770081,455,90,2023,2023-03-31,0
1377,16,39426,0.9992737770081,456,91,2023,2023-04-01,0
1377,7,38047,0.9992737770081,457,92,2023,2023-04-02,0
1377,15,36397,0.9992737770081,458,93,2023,2023-04-03,0
1377,16,40602,0.9992737770081,459,94,2023,2023-04-04,0
1377,14,38442,0.9992737770081,460,95,2023,2023-04-05,0
1378,15,37506,0.9985486268997,461,96,2023,2023-04-06,0
1378,8,36342,0.9985486268997,462,97,2023,2023-04-07,0
1378,13,36216,0.9985486268997,463,98,2023,2023-04-08,0
1378,14,36435,0.9985486268997,464,99,2023,2023-04-09,0
1378,13,39628,0.9985486268997,465,100,2023,2023-04-10,0
1378,15,38219,0.9992743134499,466,101,2023,2023-04-11,0
1378,18,37171,0.9992743134499,467,102,2023,2023-04-12,0
1378,18,36984,0.9992743134499,468,103,2023,2023-04-13,0
1377,8,35799,0.9992737770081,469,104,2023,2023-04-14,0
1377,12,34816,0.9992737770081,470,105,2023,2023-04-15,0
1377,11,34011,0.9992737770081,471,106,2023,2023-04-16,0
1377,12,31366,0.9992737770081,472,107,2023,2023-04-17,0
1377,17,30481,0.9992737770081,473,108,2023,2023-04-18,0
1377,25,29143,0.9992737770081,474,109,2023,2023-04-19,0
1377,23,27993,0.9992737770081,475,110,2023,2023-04-20,0
1377,18,27422,0.9992737770081,476,111,2023,2023-04-21,0
1376,15,26562,1.0,477,112,2023,2023-04-22,0
1376,17,25545,1.0,478,113,2023,2023-04-23,0
1376,13,24181,1.0,479,114,2023,2023-04-24,0
1376,14,23789,1.0,480,115,2023,2023-04-25,0
1376,16,22605,1.0,481,116,2023,2023-04-26,0
1376,16,22006,1.0,482,117,2023,2023-04-27,0
1376,14,20406,0.9992732405663,483,118,2023,2023-04-28,0
1376,9,19453,1.0,484,119,2023,2023-04-29,0
1375,15,18912,1.0,485,120,2023,2023-04-30,0
1375,14,17509,1.0,486,121,2023,2023-05-01,0
1375,20,16975,1.0,487,122,2023,2023-05-02,0
1374,19,16948,0.9992722272873,488,123,2023,2023-05-03,0
1373,17,16356,0.9992716908455,489,124,2023,2023-05-04,0
1373,18,15149,0.9992716908455,490,125,2023,2023-05-05,0
1373,15,15073,1.0,491,126,2023,2023-05-06,0
1372,12,14569,1.0,492,127,2023,2023-05-07,0
1372,14,13443,0.9992711544037,493,128,2023,2023-05-08,0
1372,19,13121,0.9992711544037,494,129,2023,2023-05-09,0
1372,13,12643,0.9992711544037,495,130,2023,2023-05-10,0
1372,12,18138,1.0,496,131,2023,2023-05-11,0
1372,13,17262,1.0,497,132,2023,2023-05-12,0
1371,14,16064,1.0,498,133,2023,2023-05-13,0
1371,12,15853,1.0,499,134,2023,2023-05-14,0
1371,25,15179,0.9992706179619,500,135,2023,2023-05-15,0
1369,14,14434,0.9978086352348,501,136,2023,2023-05-16,0
1369,10,13797,0.9985390901566,502,137,2023,2023-05-17,0
1369,7,13281,0.9985390901566,503,138,2023,2023-05-18,0
1369,15,12322,0.9992695450783,504,139,2023,2023-05-19,0
1369,6,11998,1.0,505,140,2023,2023-05-20,0
1369,17,11637,0.9992695450783,506,141,2023,2023-05-21,0
1369,17,11265,0.9992695450783,507,142,2023,2023-05-22,0
1369,13,11014,0.9992695450783,508,143,2023,2023-05-23,0
1369,19,10580,0.9992695450783,509,144,2023,2023-05-24,0
1369,14,10238,0.9992695450783,510,145,2023,2023-05-25,0
1369,7,10197,0.9992695450783,511,146,2023,2023-05-26,0
1370,14,9805,0.9985401630402,512,147,2023,2023-05-27,0
1370,18,9487,0.9978102445602,513,148,2023,2023-05-28,0
1370,11,9236,0.9978102445602,514,149,2023,2023-05-29,0
1370,13,8863,0.9978102445602,515,150,2023,2023-05-30,0
1369,10,8736,0.9970781803131,516,151,2023,2023-05-31,0
1369,24,8628,0.9970781803131,517,152,2023,2023-06-01,0
1369,9,8271,0.9970781803131,518,153,2023,2023-06-02,0
1369,17,7919,0.9963477253914,519,154,2023,2023-06-03,0
1369,14,7534,0.995617210865,520,155,2023,2023-06-04,0
1369,16,7203,0.995617210865,521,156,2023,2023-06-05,0
1369,15,6847,0.9948867559433,522,157,2023,2023-06-06,0
1369,8,6477,0.9941563010216,523,158,2023,2023-06-07,0
1369,14,6295,0.9948867559433,524,159,2023,2023-06-08,0
1369,11,6669,0.9948867559433,525,160,2023,2023-06-09,0
1369,12,6472,0.9941563010216,526,161,2023,2023-06-10,0
1369,10,6077,0.9941563010216,527,162,2023,2023-06-11,0
1369,10,5917,0.9941563010216,528,163,2023,2023-06-12,0
1369,10,5732,0.9948867559433,529,164,2023,2023-06-13,0
1369,11,5570,0.9948867559433,530,165,2023,2023-06-14,0
1369,22,5444,0.9948867559433,531,166,2023,2023-06-15,0
1368,12,5324,0.9963450431824,532,167,2023,2023-06-16,0
1368,9,5197,0.9956140518188,533,168,2023,2023-06-17,0
1367,7,5062,0.995610833168,534,169,2023,2023-06-18,0
1366,12,4954,0.9956076145172,535,170,2023,2023-06-19,0
1366,14,4577,0.9956076145172,536,171,2023,2023-06-20,0
1366,7,4492,0.9956076145172,537,172,2023,2023-06-21,0
1366,14,4372,0.9956076145172,538,173,2023,2023-06-22,0
1366,14,4033,0.9956076145172,539,174,2023,2023-06-23,0
1366,9,3745,0.9956076145172,540,175,2023,2023-06-24,0
1365,15,3655,0.9941391944885,541,176,2023,2023-06-25,0
1365,13,3369,0.9941391944885,542,177,2023,2023-06-26,0
1365,14,3283,0.9934065937996,543,178,2023,2023-06-27,0
1365,14,3173,0.9934065937996,544,179,2023,2023-06-28,0
1365,12,3036,0.9934065937996,545,180,2023,2023-06-29,0
1365,10,2812,0.9934065937996,546,181,2023,2023-06-30,0
1364,13,2740,0.9926686286926,547,182,2023,2023-07-01,0
1364,9,2607,0.9926686286926,548,183,2023,2023-07-02,0
1364,8,2558,0.9926686286926,549,184,2023,2023-07-03,0
1364,7,2397,0.9926686286926,550,185,2023,2023-07-04,0
1363,6,2339,0.9919295907021,551,186,2023,2023-07-05,0
1363,7,2173,0.9919295907021,552,187,2023,2023-07-06,0
1363,14,2115,0.9926632642746,553,188,2023,2023-07-07,0
1363,12,2061,0.9926632642746,554,189,2023,2023-07-08,0
1363,8,1997,0.9926632642746,555,190,2023,2023-07-09,0
1364,6,2063,0.9919354915619,556,191,2023,2023-07-10,0
1364,13,2000,0.9919354915619,557,192,2023,2023-07-11,0
1364,9,1913,0.9919354915619,558,193,2023,2023-07-12,0
1364,8,1878,0.9919354915619,559,194,2023,2023-07-13,0
1364,11,1859,0.9919354915619,560,195,2023,2023-07-14,0
1365,11,1801,0.9912087917328,561,196,2023,2023-07-15,0
1364,5,1765,0.9912023544312,562,197,2023,2023-07-16,0
1364,9,1850,0.9912023544312,563,198,2023,2023-07-17,0
1364,8,1837,0.9912023544312,564,199,2023,2023-07-18,0
1364,13,1790,0.9904692173004,565,200,2023,2023-07-19,0
1364,9,1781,0.9904692173004,566,201,2023,2023-07-20,0
1366,7,1858,0.9882869720459,567,202,2023,2023-07-21,0
1366,7,1828,0.9882869720459,568,203,2023,2023-07-22,0
1366,4,1794,0.9875549077988,569,204,2023,2023-07-23,0
1366,7,1867,0.9868228435516,570,205,2023,2023-07-24,0
1366,9,1936,0.9853587150574,571,206,2023,2023-07-25,0
1366,9,1940,0.9853587150574,572,207,2023,2023-07-26,0
1366,10,1989,0.9838945865631,573,208,2023,2023-07-27,0
1366,10,1963,0.9838945865631,574,209,2023,2023-07-28,0
1366,9,2088,0.9838945865631,575,210,2023,2023-07-29,0
1366,9,2078,0.9824304580688,576,211,2023,2023-07-30,0
1366,10,2201,0.9816983938217,577,212,2023,2023-07-31,0
1366,4,2156,0.9816983938217,578,213,2023,2023-08-01,0
1366,7,2111,0.9802342653275,579,214,2023,2023-08-02,0
1366,7,2109,0.9809663295746,580,215,2023,2023-08-03,0
1367,3,2120,0.9802487492561,581,216,2023,2023-08-04,0
1367,4,2130,0.9795171618462,582,217,2023,2023-08-05,0
1367,4,2116,0.9795171618462,583,218,2023,2023-08-06,0
1366,4,2098,0.9787701368332,584,219,2023,2023-08-07,0
1366,13,2057,0.9795022010803,585,220,2023,2023-08-08,0
1366,8,2056,0.9773060083389,586,221,2023,2023-08-09,0
1366,7,2054,0.9773060083389,587,222,2023,2023-08-10,0
1366,6,1999,0.9780380725861,588,223,2023,2023-08-11,0
1365,6,1888,0.977289378643,589,224,2023,2023-08-12,0
1366,9,1875,0.9751098155975,590,225,2023,2023-08-13,0
1365,13,1981,0.9758241772652,591,226,2023,2023-08-14,0
1365,4,1968,0.9736263751984,592,227,2023,2023-08-15,0
1365,13,1961,0.9728937745094,593,228,2023,2023-08-16,0
1365,7,2091,0.9728937745094,594,229,2023,2023-08-17,0
1365,6,2055,0.9706959724426,595,230,2023,2023-08-18,0
1365,7,2014,0.9684981703758,596,231,2023,2023-08-19,0
1365,12,1992,0.9677655696869,597,232,2023,2023-08-20,0
1365,4,1841,0.9677655696869,598,233,2023,2023-08-21,0
1365,5,1836,0.966300368309,599,234,2023,2023-08-22,0
1366,5,1810,0.9633967876434,600,235,2023,2023-08-23,0
1367,5,1760,0.961228966713,601,236,2023,2023-08-24,0
1366,5,1640,0.9597364664078,602,237,2023,2023-08-25,0
1367,7,1732,0.9597659111023,603,238,2023,2023-08-26,0
1367,5,1616,0.9597659111023,604,239,2023,2023-08-27,0
1367,6,1748,0.9583028554916,605,240,2023,2023-08-28,0
1367,7,1736,0.9561082720757,606,241,2023,2023-08-29,0
1366,7,1845,0.955344080925,607,242,2023,2023-08-30,0
1366,7,1839,0.9538799524307,608,243,2023,2023-08-31,0
1366,3,1818,0.9531478881836,609,244,2023,2023-09-01,0
1366,2,1833,0.9509516954422,610,245,2023,2023-09-02,0
1366,4,1971,0.9509516954422,611,246,2023,2023-09-03,0
1366,9,1908,0.9502196311951,612,247,2023,2023-09-04,0
1366,5,2026,0.9524158239365,613,248,2023,2023-09-05,0
1366,4,1999,0.9524158239365,614,249,2023,2023-09-06,0
1366,6,1985,0.9509516954422,615,250,2023,2023-09-07,0
1366,7,1997,0.9502196311951,616,251,2023,2023-09-08,0
1367,6,2002,0.9458668828011,617,252,2023,2023-09-09,0
1367,6,2006,0.9444038271904,618,253,2023,2023-09-10,0
1367,7,2029,0.9429407715797,619,254,2023,2023-09-11,0
1367,9,2150,0.9422092437744,620,255,2023,2023-09-12,0
1367,6,2160,0.9400146603584,621,256,2023,2023-09-13,0
1366,5,2145,0.9407027959824,622,257,2023,2023-09-14,0
1366,10,2129,0.9407027959824,623,258,2023,2023-09-15,0
1366,7,2099,0.9399707317352,624,259,2023,2023-09-16,0
1366,4,1945,0.9392386674881,625,260,2023,2023-09-17,0
1366,7,1951,0.9377745389938,626,261,2023,2023-09-18,0
1366,12,1911,0.9355783462524,627,262,2023,2023-09-19,0
1366,10,1922,0.933382153511,628,263,2023,2023-09-20,0
1366,10,1884,0.933382153511,629,264,2023,2023-09-21,0
1365,6,1950,0.932600736618,630,265,2023,2023-09-22,0
1365,7,1908,0.9296703338623,631,266,2023,2023-09-23,0
1365,11,1914,0.9274725317955,632,267,2023,2023-09-24,0
1365,10,1880,0.9282051324844,633,268,2023,2023-09-25,0
1365,11,2016,0.9260073304176,634,269,2023,2023-09-26,0
1364,5,2039,0.9237536787987,635,270,2023,2023-09-27,0
1364,7,2186,0.9230205416679,636,271,2023,2023-09-28,0
1364,6,2186,0.9186217188835,637,272,2023,2023-09-29,0
1364,9,2337,0.917155444622,638,273,2023,2023-09-30,0
1364,13,2352,0.9156891703606,639,274,2023,2023-10-01,0
1364,11,2323,0.9142228960991,640,275,2023,2023-10-02,0
1364,16,2576,0.9134897589684,641,276,2023,2023-10-03,0
1364,9,2974,0.9076246619225,642,277,2023,2023-10-04,0
1364,7,3188,0.9039589166641,643,278,2023,2023-10-05,0
1365,8,3197,0.9032967090607,644,279,2023,2023-10-06,0
1364,6,3210,0.9010263681412,645,280,2023,2023-10-07,0
1364,4,3224,0.8966275453568,646,281,2023,2023-10-08,0
1364,2,3499,0.8951612710953,647,282,2023,2023-10-09,0
1363,5,3475,0.8936170339584,648,283,2023,2023-10-10,0
1363,4,3448,0.894350707531,649,284,2023,2023-10-11,0
1363,3,3214,0.8950843811035,650,285,2023,2023-10-12,0
1363,7,3210,0.894350707531,651,286,2023,2023-10-13,0
1363,5,3228,0.8914160132408,652,287,2023,2023-10-14,0
1363,8,3002,0.8914160132408,653,288,2023,2023-10-15,0
1362,11,2981,0.8891336321831,654,289,2023,2023-10-16,0
1362,15,2966,0.8876652121544,655,290,2023,2023-10-17,0
1362,9,2949,0.8854625821114,656,291,2023,2023-10-18,0
1363,10,2977,0.8818781971931,657,292,2023,2023-10-19,0
1363,11,2985,0.8811445236206,658,293,2023,2023-10-20,0
1363,9,3197,0.8811445236206,659,294,2023,2023-10-21,0
1363,9,3223,0.8818781971931,660,295,2023,2023-10-22,0
1363,12,3002,0.8818781971931,661,296,2023,2023-10-23,0
1363,7,3323,0.8811445236206,662,297,2023,2023-10-24,0
1363,8,3264,0.8782098293304,663,298,2023,2023-10-25,0
1363,13,3242,0.8774761557579,664,299,2023,2023-10-26,0
1363,9,3240,0.8767424821854,665,300,2023,2023-10-27,0
1362,9,3227,0.8759177923203,666,301,2023,2023-10-28,0
1361,16,3436,0.8736223578453,667,302,2023,2023-10-29,0
1361,17,3646,0.877296090126,668,303,2023,2023-10-30,0
1360,5,3595,0.8757352828979,669,304,2023,2023-10-31,0
1360,8,3512,0.8742647171021,670,305,2023,2023-11-01,0
1360,11,3560,0.875,671,306,2023,2023-11-02,0
1359,7,3537,0.8749080300331,672,307,2023,2023-11-03,0
1359,5,3561,0.8741722106934,673,308,2023,2023-11-04,0
1359,13,3567,0.8749080300331,674,309,2023,2023-11-05,0
1359,9,3805,0.8741722106934,675,310,2023,2023-11-06,0
1359,9,3574,0.873436331749,676,311,2023,2023-11-07,0
1359,10,3585,0.8741722106934,677,312,2023,2023-11-08,0
1358,11,3310,0.8733431696892,678,313,2023,2023-11-09,0
1358,15,3240,0.87628865242,679,314,2023,2023-11-10,0
1358,20,3309,0.8770250082016,680,315,2023,2023-11-11,0
1358,10,5258,0.8777614235878,681,316,2023,2023-11-12,0
1357,12,5180,0.8784082531929,682,317,2023,2023-11-13,0
1357,15,5212,0.8791451454163,683,318,2023,2023-11-14,0
1356,19,5183,0.8783186078072,684,319,2023,2023-11-15,0
1356,13,4730,0.8790560364723,685,320,2023,2023-11-16,0
1356,19,4707,0.8790560364723,686,321,2023,2023-11-17,0
1356,14,4840,0.8783186078072,687,322,2023,2023-11-18,0
1356,14,4993,0.8797935247421,688,323,2023,2023-11-19,0
1356,10,4931,0.8797935247421,689,324,2023,2023-11-20,0
1356,13,4961,0.8805309534073,690,325,2023,2023-11-21,0
1357,15,5256,0.882092833519,691,326,2023,2023-11-22,0
1357,16,9435,0.8791451454163,692,327,2023,2023-11-23,0
1357,15,12387,0.8791451454163,693,328,2023,2023-11-24,0
1357,13,22399,0.8806189894676,694,329,2023,2023-11-25,0
1357,16,27569,0.8813559412956,695,330,2023,2023-11-26,0
1357,11,30245,0.882829785347,696,331,2023,2023-11-27,0
1358,16,33078,0.8843888044357,697,332,2023,2023-11-28,0
1358,16,33031,0.8880707025528,698,333,2023,2023-11-29,0
1358,12,33537,0.8873342871666,699,334,2023,2023-11-30,0
1358,17,31950,0.8917526006699,700,335,2023,2023-12-01,0
1358,21,30038,0.8954344391823,701,336,2023,2023-12-02,0
1358,17,28433,0.8961708545685,702,337,2023,2023-12-03,0
1357,15,27688,0.8953574299812,703,338,2023,2023-12-04,0
1359,12,26791,0.8991906046867,704,339,2023,2023-12-05,0
1359,18,24887,0.8984547257423,705,340,2023,2023-12-06,0
1358,10,23745,0.9013254642487,706,341,2023,2023-12-07,0
1358,19,22356,0.9027982354164,707,342,2023,2023-12-08,0
1358,16,21428,0.903534591198,708,343,2023,2023-12-09,0
1358,18,20328,0.9086892604828,709,344,2023,2023-12-10,0
1358,14,19773,0.9101620316505,710,345,2023,2023-12-11,0
1357,16,19021,0.9152542352676,711,346,2023,2023-12-12,0
1357,20,18575,0.9211496114731,712,347,2023,2023-12-13,0
1357,13,22754,0.9248341917992,713,348,2023,2023-12-14,0
1357,24,22518,0.931466460228,714,349,2023,2023-12-15,0
1357,12,22270,0.9388356804848,715,350,2023,2023-12-16,0
1357,18,22096,0.9439941048622,716,351,2023,2023-12-17,0
1356,16,21208,0.9491150379181,717,352,2023,2023-12-18,0
1355,19,20148,0.9557195305824,718,353,2023,2023-12-19,0
1355,17,19488,0.9579336047173,719,354,2023,2023-12-20,0
1354,28,18494,0.9608567357063,720,355,2023,2023-12-21,0
1354,18,17628,0.9615952968597,721,356,2023,2023-12-22,0
1354,16,16962,0.9623337984085,722,357,2023,2023-12-23,0
1354,12,16181,0.9638109207153,723,358,2023,2023-12-24,0
1353,20,15572,0.9667405486107,724,359,2023,2023-12-25,0
1353,12,14970,0.9674796462059,725,360,2023,2023-12-26,0
1353,20,14280,0.9696969985962,726,361,2023,2023-12-27,0
1352,32,16713,0.9726331233978,727,362,2023,2023-12-28,0
1351,26,22982,0.9740932583809,728,363,2023,2023-12-29,0
1350,37,28492,0.9762963056564,729,364,2023,2023-12-30,0
1350,35,31291,0.9762963056564,730,0,2024,2023-12-31,0
1350,42,35795,0.9762963056564,731,1,2024,2024-01-01,0
1350,28,35424,0.9777777791023,732,2,2024,2024-01-02,0
1350,34,33357,0.9800000190735,733,3,2024,2024-01-03,0
1350,43,32692,0.98222219944,734,4,2024,2024-01-04,0
1350,37,39454,0.9814814925194,735,5,2024,2024-01-05,0
1350,28,58377,0.9837037324905,736,6,2024,2024-01-06,0
1349,25,54153,0.9866567850113,737,7,2024,2024-01-07,0
1349,18,53823,0.9873980879784,738,8,2024,2024-01-08,0
1348,18,52369,0.9888724088669,739,9,2024,2024-01-09,0
1349,23,51951,0.9888806343079,740,10,2024,2024-01-10,0
1349,12,53111,0.9896219372749,741,11,2024,2024-01-11,0
1349,20,50026,0.9925870895386,742,12,2024,2024-01-12,0
1349,14,52649,0.9925870895386,743,13,2024,2024-01-13,0
1349,13,57162,0.9925870895386,744,14,2024,2024-01-14,0
1347,10,54442,0.9933184981346,745,15,2024,2024-01-15,0
1346,10,53476,0.9947994351387,746,16,2024,2024-01-16,0
1346,6,50504,0.9955423474312,747,17,2024,2024-01-17,0
1345,12,49510,0.9955390095711,748,18,2024,2024-01-18,0
1345,10,49218,0.9955390095711,749,19,2024,2024-01-19,0
1345,7,52183,0.9955390095711,750,20,2024,2024-01-20,0
1345,13,50150,0.9955390095711,751,21,2024,2024-01-21,0
1345,18,56936,0.9955390095711,752,22,2024,2024-01-22,0
1345,11,58224,0.99628251791,753,23,2024,2024-01-23,0
1345,11,55154,0.9970260262489,754,24,2024,2024-01-24,0
1345,9,54065,0.9970260262489,755,25,2024,2024-01-25,0
1345,5,52044,0.9970260262489,756,26,2024,2024-01-26,0
1344,11,63216,0.9977678656578,757,27,2024,2024-01-27,0
1344,10,67610,0.9977678656578,758,28,2024,2024-01-28,0
1344,7,66188,0.9977678656578,759,29,2024,2024-01-29,0
1344,5,66611,0.9977678656578,760,30,2024,2024-01-30,0
1344,4,66075,0.9985119104385,761,31,2024,2024-01-31,0
1344,4,61371,0.9992559552193,762,32,2024,2024-02-01,0
1343,4,59509,0.9992554187775,763,33,2024,2024-02-02,0
1343,14,55685,1.0,764,34,2024,2024-02-03,0
1343,12,53194,1.0,765,35,2024,2024-02-04,0
1344,11,51371,0.9992559552193,766,36,2024,2024-02-05,0
1343,6,49780,0.9992554187775,767,37,2024,2024-02-06,0
1343,15,47818,1.0,768,38,2024,2024-02-07,0
1342,12,53364,1.0,769,39,2024,2024-02-08,0
1341,10,56651,1.0,770,40,2024,2024-02-09,0
1341,10,55444,1.0,771,41,2024,2024-02-10,0
1341,9,62569,1.0,772,42,2024,2024-02-11,0
1341,7,60960,0.9992542862892,773,43,2024,2024-02-12,0
1341,12,75373,0.9992542862892,774,44,2024,2024-02-13,0
1341,7,84674,0.9992542862892,775,45,2024,2024-02-14,0
1341,6,81941,1.0,776,46,2024,2024-02-15,0
1341,6,81331,1.0,777,47,2024,2024-02-16,0
1341,5,95054,1.0,778,48,2024,2024-02-17,0
1341,6,91226,1.0,779,49,2024,2024-02-18,0
1341,6,89516,1.0,780,50,2024,2024-02-19,0
1341,11,85896,1.0,781,51,2024,2024-02-20,0
1341,8,83695,1.0,782,52,2024,2024-02-21,0
1340,16,82127,1.0,783,53,2024,2024-02-22,0
1340,12,81281,1.0,784,54,2024,2024-02-23,0
1340,6,84157,1.0,785,55,2024,2024-02-24,0
1340,10,78254,1.0,786,56,2024,2024-02-25,0
1340,10,76467,1.0,787,57,2024,2024-02-26,0
1340,5,72964,1.0,788,58,2024,2024-02-27,0
1339,10,73310,1.0,789,59,2024,2024-02-28,0
1340,13,71680,0.9992537498474,790,60,2024,2024-02-29,0
1340,12,72596,0.9992537498474,791,61,2024,2024-03-01,0
1340,15,72055,0.9992537498474,792,62,2024,2024-03-02,0
1340,10,68889,0.9992537498474,793,63,2024,2024-03-03,0
1339,9,75337,0.999253153801,794,64,2024,2024-03-04,0
1339,9,69482,1.0,795,65,2024,2024-03-05,0
1340,6,84456,0.9992537498474,796,66,2024,2024-03-06,0
1341,12,78589,0.9985085725784,797,67,2024,2024-03-07,0
1340,8,72944,0.9985074400902,798,68,2024,2024-03-08,0
1340,10,71559,1.0,799,69,2024,2024-03-09,0
1340,7,67567,1.0,800,70,2024,2024-03-10,0
1339,13,62762,1.0,801,71,2024,2024-03-11,0
1339,8,61980,1.0,802,72,2024,2024-03-12,0
1339,12,64982,1.0,803,73,2024,2024-03-13,0
1339,9,80446,1.0,804,74,2024,2024-03-14,0
1339,6,108833,1.0,805,75,2024,2024-03-15,0
1339,14,106314,1.0,806,76,2024,2024-03-16,0
1338,12,106049,1.0,807,77,2024,2024-03-17,0
1337,10,118090,1.0,808,78,2024,2024-03-18,0
1337,12,112172,1.0,809,79,2024,2024-03-19,0
1337,10,115409,1.0,810,80,2024,2024-03-20,0
1337,15,112597,1.0,811,81,2024,2024-03-21,0
1337,15,110356,1.0,812,82,2024,2024-03-22,0
1337,14,115642,1.0,813,83,2024,2024-03-23,0
1337,15,112597,1.0,814,84,2024,2024-03-24,0
1336,11,125751,1.0,815,85,2024,2024-03-25,0
1336,9,148017,1.0,816,86,2024,2024-03-26,0
1335,12,150250,1.0,817,87,2024,2024-03-27,0
1335,12,151017,1.0,818,88,2024,2024-03-28,0
1336,11,159017,0.9992514848709,819,89,2024,2024-03-29,0
1336,10,157261,0.9992514848709,820,90,2024,2024-03-30,0
1336,15,157134,0.9992514848709,821,91,2024,2024-03-31,0
1335,17,146308,0.9992509484291,822,92,2024,2024-04-01,0
1335,12,145114,0.9992509484291,823,93,2024,2024-04-02,0
1334,15,141944,0.9992503523827,824,94,2024,2024-04-03,0
1333,9,136911,0.9992498159409,825,95,2024,2024-04-04,0
1333,10,132057,0.9984996318817,826,96,2024,2024-04-05,0
1333,13,130729,0.9984996318817,827,97,2024,2024-04-06,0
1333,11,121384,0.9984996318817,828,98,2024,2024-04-07,0
1333,15,116975,0.9984996318817,829,99,2024,2024-04-08,0
1333,13,113222,0.9984996318817,830,100,2024,2024-04-09,0
1332,14,110155,0.9977477192879,831,101,2024,2024-04-10,0
1331,12,108066,0.9984973669052,832,102,2024,2024-04-11,0
1331,14,118148,0.9984973669052,833,103,2024,2024-04-12,0
1331,10,116824,0.9984973669052,834,104,2024,2024-04-13,0
1330,13,120346,0.998496234417,835,105,2024,2024-04-14,0
1330,13,128897,0.998496234417,836,106,2024,2024-04-15,0
1330,19,138547,0.998496234417,837,107,2024,2024-04-16,0
1329,14,129261,0.9984951019287,838,108,2024,2024-04-17,0
1329,11,127063,0.9984951019287,839,109,2024,2024-04-18,0
1329,20,125478,0.9984951019287,840,110,2024,2024-04-19,0
1329,13,123047,0.9984951019287,841,111,2024,2024-04-20,0
1329,19,120902,1.0,842,112,2024,2024-04-21,0
1328,19,116266,1.0,843,113,2024,2024-04-22,0
1328,15,114154,1.0,844,114,2024,2024-04-23,0
1327,18,106268,1.0,845,115,2024,2024-04-24,0
1326,21,102920,1.0,846,116,2024,2024-04-25,0
1326,11,99490,1.0,847,117,2024,2024-04-26,0
1326,20,96307,1.0,848,118,2024,2024-04-27,0
1326,18,93351,1.0,849,119,2024,2024-04-28,0
1325,17,88650,1.0,850,120,2024,2024-04-29,0
1324,19,82372,1.0,851,121,2024,2024-04-30,0
1324,16,79501,1.0,852,122,2024,2024-05-01,0
1324,13,75576,1.0,853,123,2024,2024-05-02,0
1324,13,70946,1.0,854,124,2024,2024-05-03,0
1323,8,67507,1.0,855,125,2024,2024-05-04,0
1323,22,64763,1.0,856,126,2024,2024-05-05,0
1322,9,63864,1.0,857,127,2024,2024-05-06,0
1322,24,61603,1.0,858,128,2024,2024-05-07,0
1322,19,60357,1.0,859,129,2024,2024-05-08,0
1322,10,60289,1.0,860,130,2024,2024-05-09,0
1322,12,55888,1.0,861,131,2024,2024-05-10,0
1322,15,54846,1.0,862,132,2024,2024-05-11,0
1322,12,51944,1.0,863,133,2024,2024-05-12,0
1322,14,50572,1.0,864,134,2024,2024-05-13,0
1322,18,49266,1.0,865,135,2024,2024-05-14,0
1322,13,47745,1.0,866,136,2024,2024-05-15,0
1322,10,46309,1.0,867,137,2024,2024-05-16,0
1322,20,43099,1.0,868,138,2024,2024-05-17,0
1322,15,41496,1.0,869,139,2024,2024-05-18,0
1322,9,38864,1.0,870,140,2024,2024-05-19,0
1322,18,36919,1.0,871,141,2024,2024-05-20,0
1322,12,34933,1.0,872,142,2024,2024-05-21,0
1322,13,33325,1.0,873,143,2024,2024-05-22,0
1322,15,31981,1.0,874,144,2024,2024-05-23,0
1322,12,30799,1.0,875,145,2024,2024-05-24,0
1322,14,29674,1.0,876,146,2024,2024-05-25,0
1322,14,28528,1.0,877,147,2024,2024-05-26,0
1323,16,27296,0.9992441534996,878,148,2024,2024-05-27,0
1324,20,26768,0.9984894394875,879,149,2024,2024-05-28,0
1323,14,25630,0.9992441534996,880,150,2024,2024-05-29,0
1323,10,24096,0.9992441534996,881,151,2024,2024-05-30,0
1323,15,23113,0.9992441534996,882,152,2024,2024-05-31,0
1323,16,21947,0.9992441534996,883,153,2024,2024-06-01,0
1323,15,20675,0.9992441534996,884,154,2024,2024-06-02,0
1322,12,19757,0.9992435574532,885,155,2024,2024-06-03,0
1322,14,19764,0.9992435574532,886,156,2024,2024-06-04,0
1321,14,19430,0.9992430210114,887,157,2024,2024-06-05,0
1320,17,18659,0.9992424249649,888,158,2024,2024-06-06,0
1321,17,17599,0.9984859824181,889,159,2024,2024-06-07,0
1321,13,17081,0.9984859824181,890,160,2024,2024-06-08,0
1321,15,16638,0.9984859824181,891,161,2024,2024-06-09,0
1321,13,15669,0.9984859824181,892,162,2024,2024-06-10,0
1321,12,14941,0.9984859824181,893,163,2024,2024-06-11,0
1321,10,14528,0.9984859824181,894,164,2024,2024-06-12,0
1321,9,14055,0.9984859824181,895,165,2024,2024-06-13,0
1321,14,13492,0.9984859824181,896,166,2024,2024-06-14,0
1322,11,13136,0.9977307319641,897,167,2024,2024-06-15,0
1322,10,12119,0.9977307319641,898,168,2024,2024-06-16,0
1323,21,11872,0.9969765543938,899,169,2024,2024-06-17,0
1323,7,11544,0.9977324008942,900,170,2024,2024-06-18,0
1323,11,10941,0.9992441534996,901,171,2024,2024-06-19,0
1323,17,10383,0.9992441534996,902,172,2024,2024-06-20,0
1323,17,10091,0.9984883069992,903,173,2024,2024-06-21,0
1323,14,9518,0.9984883069992,904,174,2024,2024-06-22,0
1322,13,9132,0.9984871149063,905,175,2024,2024-06-23,0
1322,11,8838,0.9984871149063,906,176,2024,2024-06-24,0
1322,14,8196,0.9992435574532,907,177,2024,2024-06-25,0
1321,17,7933,0.9992430210114,908,178,2024,2024-06-26,0
1320,8,7426,0.9992424249649,909,179,2024,2024-06-27,0
1320,13,7125,0.9992424249649,910,180,2024,2024-06-28,0
1320,11,6613,0.9992424249649,911,181,2024,2024-06-29,0
1320,8,6325,0.9992424249649,912,182,2024,2024-06-30,0
1320,17,6040,0.9992424249649,913,183,2024,2024-07-01,0
1320,9,5885,0.9992424249649,914,184,2024,2024-07-02,0
1320,10,5669,0.9992424249649,915,185,2024,2024-07-03,0
1320,8,5517,0.9984848499298,916,186,2024,2024-07-04,0
1320,13,5103,0.9984848499298,917,187,2024,2024-07-05,0
1321,12,4993,0.9977290034294,918,188,2024,2024-07-06,0
1321,10,4814,0.9977290034294,919,189,2024,2024-07-07,0
1320,7,4487,0.9984848499298,920,190,2024,2024-07-08,0
1320,10,4328,0.9984848499298,921,191,2024,2024-07-09,0
1320,4,4001,0.9984848499298,922,192,2024,2024-07-10,0
1320,16,3889,0.9984848499298,923,193,2024,2024-07-11,0
1320,12,3761,0.9984848499298,924,194,2024,2024-07-12,0
1320,10,3450,0.9977272748947,925,195,2024,2024-07-13,0
1320,13,3356,0.9977272748947,926,196,2024,2024-07-14,0
1320,6,3117,0.9977272748947,927,197,2024,2024-07-15,0
1320,10,2994,0.9969696998596,928,198,2024,2024-07-16,0
1320,11,2901,0.9969696998596,929,199,2024,2024-07-17,0
1320,11,2672,0.9969696998596,930,200,2024,2024-07-18,0
1320,10,3560,0.9969696998596,931,201,2024,2024-07-19,0
1320,14,3391,0.9969696998596,932,202,2024,2024-07-20,0
1320,10,3392,0.9969696998596,933,203,2024,2024-07-21,0
1320,8,3320,0.9969696998596,934,204,2024,2024-07-22,0
1320,14,3244,0.9969696998596,935,205,2024,2024-07-23,0
1319,8,3190,0.99772554636,936,206,2024,2024-07-24,0
1319,10,3133,0.99772554636,937,207,2024,2024-07-25,0
1319,11,3091,0.9969673752785,938,208,2024,2024-07-26,0
1319,11,3042,0.9969673752785,939,209,2024,2024-07-27,0
1319,11,3198,0.9969673752785,940,210,2024,2024-07-28,0
1319,9,3119,0.9962092638016,941,211,2024,2024-07-29,0
1319,14,3085,0.9962092638016,942,212,2024,2024-07-30,0
1319,11,3054,0.9962092638016,943,213,2024,2024-07-31,0
1317,16,2952,0.9954441785812,944,214,2024,2024-08-01,0
1317,7,2925,0.9954441785812,945,215,2024,2024-08-02,0
1317,9,2884,0.9939255714417,946,216,2024,2024-08-03,0
1317,9,2821,0.9939255714417,947,217,2024,2024-08-04,0
1317,7,2773,0.9939255714417,948,218,2024,2024-08-05,0
1317,5,2738,0.9931662678719,949,219,2024,2024-08-06,0
1317,5,2682,0.9931662678719,950,220,2024,2024-08-07,0
1317,5,2639,0.9931662678719,951,221,2024,2024-08-08,0
1317,10,2581,0.9916476607323,952,222,2024,2024-08-09,0
1316,10,2523,0.9916413426399,953,223,2024,2024-08-10,0
1316,11,2647,0.9908814430237,954,224,2024,2024-08-11,0
1316,11,2784,0.9901216030121,955,225,2024,2024-08-12,0
1316,12,2917,0.9886018037796,956,226,2024,2024-08-13,0
1316,10,3062,0.9886018037796,957,227,2024,2024-08-14,0
1316,6,3045,0.9870820641518,958,228,2024,2024-08-15,0
1316,8,3221,0.9870820641518,959,229,2024,2024-08-16,0
1316,4,3155,0.9863221645355,960,230,2024,2024-08-17,0
1316,6,3238,0.9863221645355,961,231,2024,2024-08-18,0
1316,8,3307,0.9863221645355,962,232,2024,2024-08-19,0
1316,5,3301,0.9840425252914,963,233,2024,2024-08-20,0
1317,6,3227,0.9832953810692,964,234,2024,2024-08-21,0
1317,14,3161,0.9817767739296,965,235,2024,2024-08-22,0
1317,13,3264,0.9810174703598,966,236,2024,2024-08-23,0
1317,3,3204,0.98025816679,967,237,2024,2024-08-24,0
1316,5,3290,0.9802431464195,968,238,2024,2024-08-25,0
1316,10,3415,0.9794833064079,969,239,2024,2024-08-26,0
1317,13,3355,0.9749430418015,970,240,2024,2024-08-27,0
1317,8,3284,0.9741837382317,971,241,2024,2024-08-28,0
1317,6,3217,0.9741837382317,972,242,2024,2024-08-29,0
1317,3,3193,0.9726651310921,973,243,2024,2024-08-30,0
1317,5,3296,0.9726651310921,974,244,2024,2024-08-31,0
1318,8,3343,0.9711684584618,975,245,2024,2024-09-01,0
1318,8,3302,0.9704096913338,976,246,2024,2024-09-02,0
1318,7,3241,0.9681335091591,977,247,2024,2024-09-03,0
1318,7,3363,0.9688922762871,978,248,2024,2024-09-04,0
1318,10,3498,0.9688922762871,979,249,2024,2024-09-05,0
1318,6,3473,0.9681335091591,980,250,2024,2024-09-06,0
1317,5,3282,0.9665907621384,981,251,2024,2024-09-07,0
1317,2,3241,0.9665907621384,982,252,2024,2024-09-08,0
1317,8,3204,0.9681093096733,983,253,2024,2024-09-09,0
1317,9,3133,0.9673500657082,984,254,2024,2024-09-10,0
1317,6,3273,0.9673500657082,985,255,2024,2024-09-11,0
1317,11,3374,0.9665907621384,986,256,2024,2024-09-12,0
1317,6,3317,0.964312851429,987,257,2024,2024-09-13,0
1316,14,3289,0.9650455713272,988,258,2024,2024-09-14,0
1316,6,3234,0.9627659320831,989,259,2024,2024-09-15,0
1315,10,3210,0.9634981155396,990,260,2024,2024-09-16,0
1314,3,3189,0.9627093076706,991,261,2024,2024-09-17,0
1314,9,3212,0.9611872434616,992,262,2024,2024-09-18,0
1314,11,3191,0.9589040875435,993,263,2024,2024-09-19,0
1314,8,3136,0.959665119648,994,264,2024,2024-09-20,0
1314,7,3476,0.9604261517525,995,265,2024,2024-09-21,0
1314,14,3643,0.959665119648,996,266,2024,2024-09-22,0
1315,8,3593,0.958935379982,997,267,2024,2024-09-23,0
1314,9,3569,0.958143055439,998,268,2024,2024-09-24,0
1314,16,3556,0.95662099123,999,269,2024,2024-09-25,0
1314,10,3482,0.95662099123,1000,270,2024,2024-09-26,0
1314,12,3483,0.9558599591255,1001,271,2024,2024-09-27,0
1315,11,3442,0.9528517127037,1002,272,2024,2024-09-28,0
1315,11,7294,0.9536121487617,1003,273,2024,2024-09-29,0
1315,11,6778,0.9520912766457,1004,274,2024,2024-09-30,0
1315,13,6864,0.9505703449249,1005,275,2024,2024-10-01,0
1315,11,6810,0.9498099088669,1006,276,2024,2024-10-02,0
1315,4,6541,0.9475285410881,1007,277,2024,2024-10-03,0
1315,13,6740,0.9482889771461,1008,278,2024,2024-10-04,0
1315,11,6573,0.9452471733093,1009,279,2024,2024-10-05,0
1316,8,6536,0.9422492384911,1010,280,2024,2024-10-06,0
1316,15,6740,0.9392096996307,1011,281,2024,2024-10-07,0
1316,23,6760,0.9384498596191,1012,282,2024,2024-10-08,0
1315,14,6619,0.9368821382523,1013,283,2024,2024-10-09,0
1315,11,6526,0.9353612065315,1014,284,2024,2024-10-10,0
1315,14,6428,0.9353612065315,1015,285,2024,2024-10-11,0
1314,5,6217,0.9368340969086,1016,286,2024,2024-10-12,0
1314,11,6069,0.9337899684906,1017,287,2024,2024-10-13,0
1313,16,6038,0.9345011711121,1018,288,2024,2024-10-14,0
1313,12,6299,0.9337395429611,1019,289,2024,2024-10-15,0
1312,9,6591,0.9329268336296,1020,290,2024,2024-10-16,0
1312,12,6609,0.9336889982224,1021,291,2024,2024-10-17,0
1312,4,7009,0.9314024448395,1022,292,2024,2024-10-18,0
1312,4,6489,0.9321646094322,1023,293,2024,2024-10-19,0
1311,14,6359,0.9305873513222,1024,294,2024,2024-10-20,0
1311,8,5929,0.9305873513222,1025,295,2024,2024-10-21,0
1311,8,5738,0.9305873513222,1026,296,2024,2024-10-22,0
1310,13,5610,0.9312977194786,1027,297,2024,2024-10-23,0
1310,8,5473,0.930534362793,1028,298,2024,2024-10-24,0
1310,15,5368,0.930534362793,1029,299,2024,2024-10-25,0
1310,12,5690,0.9320610761642,1030,300,2024,2024-10-26,0
1310,7,5582,0.9335877895355,1031,301,2024,2024-10-27,0
1310,13,5855,0.9358778595924,1032,302,2024,2024-10-28,0
1310,9,5781,0.9374045729637,1033,303,2024,2024-10-29,0
1310,16,5691,0.9358778595924,1034,304,2024,2024-10-30,0
1309,7,5622,0.9343010187149,1035,305,2024,2024-10-31,0
1309,11,5552,0.9381207227707,1036,306,2024,2024-11-01,0
1309,16,5471,0.9396485686302,1037,307,2024,2024-11-02,0
1309,15,5130,0.9396485686302,1038,308,2024,2024-11-03,0
1309,17,5551,0.9396485686302,1039,309,2024,2024-11-04,0
1309,20,7887,0.9411764740944,1040,310,2024,2024-11-05,0
1309,18,10734,0.9411764740944,1041,311,2024,2024-11-06,0
1309,16,14121,0.9419404268265,1042,312,2024,2024-11-07,0
1309,22,13805,0.9396485686302,1043,313,2024,2024-11-08,0
1309,17,13741,0.9396485686302,1044,314,2024,2024-11-09,0
1309,19,13350,0.9404125213623,1045,315,2024,2024-11-10,0
1309,14,12767,0.9419404268265,1046,316,2024,2024-11-11,0
1309,22,12235,0.9442322254181,1047,317,2024,2024-11-12,0
1309,22,11824,0.9465240836143,1048,318,2024,2024-11-13,0
1309,24,11532,0.949579834938,1049,319,2024,2024-11-14,0
1308,12,11268,0.9495412707329,1050,320,2024,2024-11-15,0
1308,18,10955,0.9510703086853,1051,321,2024,2024-11-16,0
1308,20,10635,0.9510703086853,1052,322,2024,2024-11-17,0
1308,12,10258,0.9518348574638,1053,323,2024,2024-11-18,0
1308,15,9858,0.9525994062424,1054,324,2024,2024-11-19,0
1309,25,9249,0.9518716335297,1055,325,2024,2024-11-20,0
1309,13,9133,0.9511077404022,1056,326,2024,2024-11-21,0
1310,15,9767,0.9534351229668,1057,327,2024,2024-11-22,0
1310,12,10614,0.9564885497093,1058,328,2024,2024-11-23,0
1310,16,11443,0.9610686898232,1059,329,2024,2024-11-24,0
1310,16,11247,0.9633587598801,1060,330,2024,2024-11-25,0
1310,11,10799,0.9664121866226,1061,331,2024,2024-11-26,0
1311,13,10442,0.9687261581421,1062,332,2024,2024-11-27,0
1312,20,10070,0.9717987775803,1063,333,2024,2024-11-28,0
1312,14,9697,0.9733231663704,1064,334,2024,2024-11-29,0
1312,21,9488,0.9740853905678,1065,335,2024,2024-11-30,0
1312,15,9603,0.9740853905678,1066,336,2024,2024-12-01,0
1312,11,9750,0.9763719439507,1067,337,2024,2024-12-02,0
1312,22,11033,0.9763719439507,1068,338,2024,2024-12-03,0
1312,12,10171,0.977134168148,1069,339,2024,2024-12-04,0
1312,13,9877,0.9794207215309,1070,340,2024,2024-12-05,0
1312,14,9601,0.980945110321,1071,341,2024,2024-12-06,0
1311,17,9201,0.9809305667877,1072,342,2024,2024-12-07,0
1311,17,9007,0.9816933870316,1073,343,2024,2024-12-08,0
1311,19,8936,0.9839816689491,1074,344,2024,2024-12-09,0
1311,11,8732,0.9839816689491,1075,345,2024,2024-12-10,0
1311,29,8429,0.9839816689491,1076,346,2024,2024-12-11,0
1311,20,8355,0.9839816689491,1077,347,2024,2024-12-12,0
1311,15,8360,0.9839816689491,1078,348,2024,2024-12-13,0
1311,19,23384,0.9855072498322,1079,349,2024,2024-12-14,0
1310,26,21953,0.9870228767395,1080,350,2024,2024-12-15,0
1312,27,24075,0.9855182766914,1081,351,2024,2024-12-16,0
1312,24,25309,0.9862805008888,1082,352,2024,2024-12-17,0
1311,14,24427,0.9870327711105,1083,353,2024,2024-12-18,0
1311,22,24896,0.9877955913544,1084,354,2024,2024-12-19,0
1311,17,24431,0.9893211126328,1085,355,2024,2024-12-20,0
1311,14,23331,0.9893211126328,1086,356,2024,2024-12-21,0
1312,5,22884,0.9885670542717,1087,357,2024,2024-12-22,0
1312,7,22376,0.9900914430618,1088,358,2024,2024-12-23,0
1311,15,21008,0.9900839328766,1089,359,2024,2024-12-24,0
1311,13,22609,0.9900839328766,1090,360,2024,2024-12-25,0
1311,10,22150,0.9908466935158,1091,361,2024,2024-12-26,0
1311,13,30143,0.9908466935158,1092,362,2024,2024-12-27,0
1310,11,35305,0.9931297898293,1093,363,2024,2024-12-28,0
1310,8,34105,0.9931297898293,1094,364,2024,2024-12-29,0
