Received_Treatment,Received_IRS,Received_ITN,Population,Time,Day,Month,Year,Run_Number,date,Treatment_Coverage,IRS_Coverage,ITN_Coverage
0,0,0,1400,0,0,1,2022,0,2022-01-01,0.0,0.0,0.0
0,0,0,1400,1,1,1,2022,0,2022-01-01,0.0,0.0,0.0
0,0,0,1400,2,2,1,2022,0,2022-01-01,0.0,0.0,0.0
0,0,0,1400,3,3,1,2022,0,2022-01-01,0.0,0.0,0.0
0,0,0,1399,4,4,1,2022,0,2022-01-01,0.0,0.0,0.0
0,0,0,1399,5,5,1,2022,0,2022-01-01,0.0,0.0,0.0
0,0,0,1399,6,6,1,2022,0,2022-01-01,0.0,0.0,0.0
0,0,0,1399,7,7,1,2022,0,2022-01-01,0.0,0.0,0.0
0,0,0,1399,8,8,1,2022,0,2022-01-01,0.0,0.0,0.0
0,0,0,1400,9,9,1,2022,0,2022-01-01,0.0,0.0,0.0
0,0,0,1402,10,10,1,2022,0,2022-01-01,0.0,0.0,0.0
0,0,0,1402,11,11,1,2022,0,2022-01-01,0.0,0.0,0.0
0,0,0,1402,12,12,1,2022,0,2022-01-01,0.0,0.0,0.0
0,0,0,1402,13,13,1,2022,0,2022-01-01,0.0,0.0,0.0
0,0,0,1402,14,14,1,2022,0,2022-01-01,0.0,0.0,0.0
0,0,0,1403,15,15,1,2022,0,2022-01-01,0.0,0.0,0.0
4,0,0,1403,16,16,1,2022,0,2022-01-01,0.002851033499643621,0.0,0.0
3,0,0,1403,17,17,1,2022,0,2022-01-01,0.0021382751247327157,0.0,0.0
8,0,0,1403,18,18,1,2022,0,2022-01-01,0.005702066999287242,0.0,0.0
19,0,0,1403,19,19,1,2022,0,2022-01-01,0.0135424091233072,0.0,0.0
13,0,0,1403,20,20,1,2022,0,2022-01-01,0.009265858873841768,0.0,0.0
16,0,0,1402,21,21,1,2022,0,2022-01-01,0.011412268188302425,0.0,0.0
10,0,0,1402,22,22,1,2022,0,2022-01-01,0.007132667617689016,0.0,0.0
9,0,0,1403,23,23,1,2022,0,2022-01-01,0.006414825374198147,0.0,0.0
6,0,0,1402,24,24,1,2022,0,2022-01-01,0.0042796005706134095,0.0,0.0
7,0,0,1402,25,25,1,2022,0,2022-01-01,0.004992867332382311,0.0,0.0
2,0,0,1401,26,26,1,2022,0,2022-01-01,0.0014275517487508922,0.0,0.0
2,0,0,1401,27,27,1,2022,0,2022-01-01,0.0014275517487508922,0.0,0.0
1,0,0,1401,28,28,1,2022,0,2022-01-01,0.0007137758743754461,0.0,0.0
1,0,0,1401,29,29,1,2022,0,2022-01-01,0.0007137758743754461,0.0,0.0
1,0,0,1400,30,30,1,2022,0,2022-01-01,0.0007142857142857143,0.0,0.0
0,0,0,1400,31,31,2,2022,0,2022-02-01,0.0,0.0,0.0
1,0,0,1400,32,32,2,2022,0,2022-02-01,0.0007142857142857143,0.0,0.0
0,0,0,1400,33,33,2,2022,0,2022-02-01,0.0,0.0,0.0
0,0,0,1399,34,34,2,2022,0,2022-02-01,0.0,0.0,0.0
0,0,0,1399,35,35,2,2022,0,2022-02-01,0.0,0.0,0.0
0,0,0,1399,36,36,2,2022,0,2022-02-01,0.0,0.0,0.0
0,0,0,1399,37,37,2,2022,0,2022-02-01,0.0,0.0,0.0
0,0,0,1399,38,38,2,2022,0,2022-02-01,0.0,0.0,0.0
0,0,0,1399,39,39,2,2022,0,2022-02-01,0.0,0.0,0.0
0,0,0,1399,40,40,2,2022,0,2022-02-01,0.0,0.0,0.0
0,0,0,1399,41,41,2,2022,0,2022-02-01,0.0,0.0,0.0
0,0,0,1399,42,42,2,2022,0,2022-02-01,0.0,0.0,0.0
0,0,0,1399,43,43,2,2022,0,2022-02-01,0.0,0.0,0.0
0,0,0,1399,44,44,2,2022,0,2022-02-01,0.0,0.0,0.0
0,0,0,1399,45,45,2,2022,0,2022-02-01,0.0,0.0,0.0
0,0,0,1399,46,46,2,2022,0,2022-02-01,0.0,0.0,0.0
0,0,0,1399,47,47,2,2022,0,2022-02-01,0.0,0.0,0.0
0,0,0,1400,48,48,2,2022,0,2022-02-01,0.0,0.0,0.0
0,0,0,1400,49,49,2,2022,0,2022-02-01,0.0,0.0,0.0
0,0,0,1400,50,50,2,2022,0,2022-02-01,0.0,0.0,0.0
0,0,0,1400,51,51,2,2022,0,2022-02-01,0.0,0.0,0.0
0,0,0,1400,52,52,2,2022,0,2022-02-01,0.0,0.0,0.0
0,0,0,1400,53,53,2,2022,0,2022-02-01,0.0,0.0,0.0
0,0,0,1400,54,54,2,2022,0,2022-02-01,0.0,0.0,0.0
0,0,0,1400,55,55,2,2022,0,2022-02-01,0.0,0.0,0.0
0,0,0,1400,56,56,2,2022,0,2022-02-01,0.0,0.0,0.0
0,0,0,1400,57,57,2,2022,0,2022-02-01,0.0,0.0,0.0
0,0,0,1400,58,58,2,2022,0,2022-02-01,0.0,0.0,0.0
0,0,0,1400,59,59,3,2022,0,2022-03-01,0.0,0.0,0.0
0,0,0,1400,60,60,3,2022,0,2022-03-01,0.0,0.0,0.0
0,0,0,1400,61,61,3,2022,0,2022-03-01,0.0,0.0,0.0
0,0,0,1399,62,62,3,2022,0,2022-03-01,0.0,0.0,0.0
0,0,0,1399,63,63,3,2022,0,2022-03-01,0.0,0.0,0.0
0,0,0,1399,64,64,3,2022,0,2022-03-01,0.0,0.0,0.0
0,0,0,1398,65,65,3,2022,0,2022-03-01,0.0,0.0,0.0
0,0,0,1398,66,66,3,2022,0,2022-03-01,0.0,0.0,0.0
0,0,0,1398,67,67,3,2022,0,2022-03-01,0.0,0.0,0.0
0,0,0,1398,68,68,3,2022,0,2022-03-01,0.0,0.0,0.0
0,0,0,1399,69,69,3,2022,0,2022-03-01,0.0,0.0,0.0
0,0,0,1399,70,70,3,2022,0,2022-03-01,0.0,0.0,0.0
0,0,0,1400,71,71,3,2022,0,2022-03-01,0.0,0.0,0.0
0,0,0,1400,72,72,3,2022,0,2022-03-01,0.0,0.0,0.0
1,0,0,1400,73,73,3,2022,0,2022-03-01,0.0007142857142857143,0.0,0.0
1,0,0,1400,74,74,3,2022,0,2022-03-01,0.0007142857142857143,0.0,0.0
4,0,0,1400,75,75,3,2022,0,2022-03-01,0.002857142857142857,0.0,0.0
1,0,0,1400,76,76,3,2022,0,2022-03-01,0.0007142857142857143,0.0,0.0
1,0,0,1400,77,77,3,2022,0,2022-03-01,0.0007142857142857143,0.0,0.0
3,0,0,1399,78,78,3,2022,0,2022-03-01,0.002144388849177984,0.0,0.0
1,0,0,1399,79,79,3,2022,0,2022-03-01,0.0007147962830593281,0.0,0.0
4,0,0,1399,80,80,3,2022,0,2022-03-01,0.0028591851322373124,0.0,0.0
6,0,0,1399,81,81,3,2022,0,2022-03-01,0.004288777698355968,0.0,0.0
2,0,0,1399,82,82,3,2022,0,2022-03-01,0.0014295925661186562,0.0,0.0
7,0,0,1397,83,83,3,2022,0,2022-03-01,0.005010737294201861,0.0,0.0
1,0,0,1396,84,84,3,2022,0,2022-03-01,0.0007163323782234957,0.0,0.0
9,0,0,1396,85,85,3,2022,0,2022-03-01,0.0064469914040114614,0.0,0.0
5,0,0,1396,86,86,3,2022,0,2022-03-01,0.0035816618911174787,0.0,0.0
8,0,0,1396,87,87,3,2022,0,2022-03-01,0.0057306590257879654,0.0,0.0
9,0,0,1396,88,88,3,2022,0,2022-03-01,0.0064469914040114614,0.0,0.0
10,0,0,1396,89,89,3,2022,0,2022-03-01,0.0071633237822349575,0.0,0.0
7,0,0,1396,90,90,4,2022,0,2022-04-01,0.00501432664756447,0.0,0.0
11,0,0,1396,91,91,4,2022,0,2022-04-01,0.007879656160458453,0.0,0.0
8,0,0,1396,92,92,4,2022,0,2022-04-01,0.0057306590257879654,0.0,0.0
9,0,0,1396,93,93,4,2022,0,2022-04-01,0.0064469914040114614,0.0,0.0
11,0,0,1396,94,94,4,2022,0,2022-04-01,0.007879656160458453,0.0,0.0
13,0,0,1396,95,95,4,2022,0,2022-04-01,0.009312320916905445,0.0,0.0
8,0,0,1396,96,96,4,2022,0,2022-04-01,0.0057306590257879654,0.0,0.0
12,0,0,1396,97,97,4,2022,0,2022-04-01,0.008595988538681949,0.0,0.0
7,0,0,1396,98,98,4,2022,0,2022-04-01,0.00501432664756447,0.0,0.0
14,0,0,1396,99,99,4,2022,0,2022-04-01,0.01002865329512894,0.0,0.0
10,0,0,1396,100,100,4,2022,0,2022-04-01,0.0071633237822349575,0.0,0.0
7,0,0,1396,101,101,4,2022,0,2022-04-01,0.00501432664756447,0.0,0.0
1,0,0,1396,102,102,4,2022,0,2022-04-01,0.0007163323782234957,0.0,0.0
7,0,0,1396,103,103,4,2022,0,2022-04-01,0.00501432664756447,0.0,0.0
12,0,0,1396,104,104,4,2022,0,2022-04-01,0.008595988538681949,0.0,0.0
5,0,0,1396,105,105,4,2022,0,2022-04-01,0.0035816618911174787,0.0,0.0
7,0,0,1396,106,106,4,2022,0,2022-04-01,0.00501432664756447,0.0,0.0
7,0,0,1396,107,107,4,2022,0,2022-04-01,0.00501432664756447,0.0,0.0
4,0,0,1396,108,108,4,2022,0,2022-04-01,0.0028653295128939827,0.0,0.0
3,0,0,1395,109,109,4,2022,0,2022-04-01,0.002150537634408602,0.0,0.0
2,0,0,1395,110,110,4,2022,0,2022-04-01,0.0014336917562724014,0.0,0.0
9,0,0,1395,111,111,4,2022,0,2022-04-01,0.0064516129032258064,0.0,0.0
4,0,0,1395,112,112,4,2022,0,2022-04-01,0.002867383512544803,0.0,0.0
6,0,0,1395,113,113,4,2022,0,2022-04-01,0.004301075268817204,0.0,0.0
7,0,0,1395,114,114,4,2022,0,2022-04-01,0.005017921146953405,0.0,0.0
4,0,0,1394,115,115,4,2022,0,2022-04-01,0.0028694404591104736,0.0,0.0
5,0,0,1394,116,116,4,2022,0,2022-04-01,0.003586800573888092,0.0,0.0
1,0,0,1394,117,117,4,2022,0,2022-04-01,0.0007173601147776184,0.0,0.0
4,0,0,1394,118,118,4,2022,0,2022-04-01,0.0028694404591104736,0.0,0.0
2,0,0,1394,119,119,4,2022,0,2022-04-01,0.0014347202295552368,0.0,0.0
2,0,0,1393,120,120,5,2022,0,2022-05-01,0.0014357501794687725,0.0,0.0
2,0,0,1393,121,121,5,2022,0,2022-05-01,0.0014357501794687725,0.0,0.0
1,0,0,1392,122,122,5,2022,0,2022-05-01,0.0007183908045977011,0.0,0.0
5,0,0,1392,123,123,5,2022,0,2022-05-01,0.0035919540229885057,0.0,0.0
2,0,0,1392,124,124,5,2022,0,2022-05-01,0.0014367816091954023,0.0,0.0
4,0,0,1392,125,125,5,2022,0,2022-05-01,0.0028735632183908046,0.0,0.0
1,0,0,1392,126,126,5,2022,0,2022-05-01,0.0007183908045977011,0.0,0.0
0,0,0,1392,127,127,5,2022,0,2022-05-01,0.0,0.0,0.0
4,0,0,1392,128,128,5,2022,0,2022-05-01,0.0028735632183908046,0.0,0.0
1,0,0,1392,129,129,5,2022,0,2022-05-01,0.0007183908045977011,0.0,0.0
3,0,0,1392,130,130,5,2022,0,2022-05-01,0.0021551724137931034,0.0,0.0
3,0,0,1392,131,131,5,2022,0,2022-05-01,0.0021551724137931034,0.0,0.0
3,0,0,1392,132,132,5,2022,0,2022-05-01,0.0021551724137931034,0.0,0.0
3,0,0,1392,133,133,5,2022,0,2022-05-01,0.0021551724137931034,0.0,0.0
3,0,0,1391,134,134,5,2022,0,2022-05-01,0.002156721782890007,0.0,0.0
2,0,0,1391,135,135,5,2022,0,2022-05-01,0.0014378145219266715,0.0,0.0
3,0,0,1391,136,136,5,2022,0,2022-05-01,0.002156721782890007,0.0,0.0
6,0,0,1391,137,137,5,2022,0,2022-05-01,0.004313443565780014,0.0,0.0
7,0,0,1391,138,138,5,2022,0,2022-05-01,0.0050323508267433505,0.0,0.0
6,0,0,1391,139,139,5,2022,0,2022-05-01,0.004313443565780014,0.0,0.0
12,0,0,1392,140,140,5,2022,0,2022-05-01,0.008620689655172414,0.0,0.0
10,0,0,1392,141,141,5,2022,0,2022-05-01,0.007183908045977011,0.0,0.0
4,0,0,1392,142,142,5,2022,0,2022-05-01,0.0028735632183908046,0.0,0.0
11,0,0,1392,143,143,5,2022,0,2022-05-01,0.007902298850574713,0.0,0.0
23,0,0,1392,144,144,5,2022,0,2022-05-01,0.016522988505747127,0.0,0.0
18,0,0,1392,145,145,5,2022,0,2022-05-01,0.01293103448275862,0.0,0.0
18,0,0,1392,146,146,5,2022,0,2022-05-01,0.01293103448275862,0.0,0.0
14,0,0,1392,147,147,5,2022,0,2022-05-01,0.010057471264367816,0.0,0.0
23,0,0,1390,148,148,5,2022,0,2022-05-01,0.016546762589928057,0.0,0.0
22,0,0,1389,149,149,5,2022,0,2022-05-01,0.01583873290136789,0.0,0.0
21,0,0,1388,150,150,5,2022,0,2022-05-01,0.015129682997118156,0.0,0.0
25,0,0,1388,151,151,6,2022,0,2022-06-01,0.018011527377521614,0.0,0.0
30,0,0,1388,152,152,6,2022,0,2022-06-01,0.021613832853025938,0.0,0.0
29,0,0,1388,153,153,6,2022,0,2022-06-01,0.02089337175792507,0.0,0.0
28,0,0,1388,154,154,6,2022,0,2022-06-01,0.020172910662824207,0.0,0.0
30,0,0,1388,155,155,6,2022,0,2022-06-01,0.021613832853025938,0.0,0.0
17,0,0,1388,156,156,6,2022,0,2022-06-01,0.012247838616714697,0.0,0.0
21,0,0,1388,157,157,6,2022,0,2022-06-01,0.015129682997118156,0.0,0.0
23,0,0,1388,158,158,6,2022,0,2022-06-01,0.016570605187319884,0.0,0.0
17,0,0,1386,159,159,6,2022,0,2022-06-01,0.012265512265512266,0.0,0.0
18,0,0,1386,160,160,6,2022,0,2022-06-01,0.012987012987012988,0.0,0.0
15,0,0,1386,161,161,6,2022,0,2022-06-01,0.010822510822510822,0.0,0.0
14,0,0,1386,162,162,6,2022,0,2022-06-01,0.010101010101010102,0.0,0.0
17,0,0,1386,163,163,6,2022,0,2022-06-01,0.012265512265512266,0.0,0.0
14,0,0,1385,164,164,6,2022,0,2022-06-01,0.010108303249097473,0.0,0.0
16,0,0,1385,165,165,6,2022,0,2022-06-01,0.011552346570397111,0.0,0.0
17,0,0,1385,166,166,6,2022,0,2022-06-01,0.01227436823104693,0.0,0.0
15,0,0,1386,167,167,6,2022,0,2022-06-01,0.010822510822510822,0.0,0.0
21,0,0,1386,168,168,6,2022,0,2022-06-01,0.015151515151515152,0.0,0.0
8,0,0,1386,169,169,6,2022,0,2022-06-01,0.005772005772005772,0.0,0.0
19,0,0,1386,170,170,6,2022,0,2022-06-01,0.013708513708513708,0.0,0.0
14,0,0,1386,171,171,6,2022,0,2022-06-01,0.010101010101010102,0.0,0.0
9,0,0,1386,172,172,6,2022,0,2022-06-01,0.006493506493506494,0.0,0.0
11,0,0,1386,173,173,6,2022,0,2022-06-01,0.007936507936507936,0.0,0.0
10,0,0,1386,174,174,6,2022,0,2022-06-01,0.007215007215007215,0.0,0.0
9,0,0,1386,175,175,6,2022,0,2022-06-01,0.006493506493506494,0.0,0.0
6,0,0,1386,176,176,6,2022,0,2022-06-01,0.004329004329004329,0.0,0.0
12,0,0,1386,177,177,6,2022,0,2022-06-01,0.008658008658008658,0.0,0.0
9,0,0,1386,178,178,6,2022,0,2022-06-01,0.006493506493506494,0.0,0.0
10,0,0,1386,179,179,6,2022,0,2022-06-01,0.007215007215007215,0.0,0.0
15,0,0,1386,180,180,6,2022,0,2022-06-01,0.010822510822510822,0.0,0.0
9,0,0,1386,181,181,7,2022,0,2022-07-01,0.006493506493506494,0.0,0.0
11,0,0,1386,182,182,7,2022,0,2022-07-01,0.007936507936507936,0.0,0.0
7,0,0,1387,183,183,7,2022,0,2022-07-01,0.005046863734679163,0.0,0.0
16,0,0,1387,184,184,7,2022,0,2022-07-01,0.011535688536409516,0.0,0.0
7,0,0,1387,185,185,7,2022,0,2022-07-01,0.005046863734679163,0.0,0.0
10,0,0,1386,186,186,7,2022,0,2022-07-01,0.007215007215007215,0.0,0.0
4,0,0,1386,187,187,7,2022,0,2022-07-01,0.002886002886002886,0.0,0.0
11,0,0,1386,188,188,7,2022,0,2022-07-01,0.007936507936507936,0.0,0.0
9,0,0,1386,189,189,7,2022,0,2022-07-01,0.006493506493506494,0.0,0.0
16,0,0,1386,190,190,7,2022,0,2022-07-01,0.011544011544011544,0.0,0.0
8,0,0,1387,191,191,7,2022,0,2022-07-01,0.005767844268204758,0.0,0.0
9,0,0,1387,192,192,7,2022,0,2022-07-01,0.006488824801730353,0.0,0.0
11,0,0,1387,193,193,7,2022,0,2022-07-01,0.007930785868781542,0.0,0.0
6,0,0,1387,194,194,7,2022,0,2022-07-01,0.004325883201153569,0.0,0.0
11,0,0,1387,195,195,7,2022,0,2022-07-01,0.007930785868781542,0.0,0.0
11,0,0,1387,196,196,7,2022,0,2022-07-01,0.007930785868781542,0.0,0.0
6,0,0,1387,197,197,7,2022,0,2022-07-01,0.004325883201153569,0.0,0.0
9,0,0,1387,198,198,7,2022,0,2022-07-01,0.006488824801730353,0.0,0.0
11,0,0,1388,199,199,7,2022,0,2022-07-01,0.00792507204610951,0.0,0.0
6,0,0,1388,200,200,7,2022,0,2022-07-01,0.004322766570605188,0.0,0.0
6,0,0,1388,201,201,7,2022,0,2022-07-01,0.004322766570605188,0.0,0.0
5,0,0,1387,202,202,7,2022,0,2022-07-01,0.003604902667627974,0.0,0.0
5,0,0,1387,203,203,7,2022,0,2022-07-01,0.003604902667627974,0.0,0.0
6,0,0,1387,204,204,7,2022,0,2022-07-01,0.004325883201153569,0.0,0.0
3,0,0,1387,205,205,7,2022,0,2022-07-01,0.0021629416005767843,0.0,0.0
4,0,0,1387,206,206,7,2022,0,2022-07-01,0.002883922134102379,0.0,0.0
2,0,0,1387,207,207,7,2022,0,2022-07-01,0.0014419610670511895,0.0,0.0
3,0,0,1387,208,208,7,2022,0,2022-07-01,0.0021629416005767843,0.0,0.0
7,0,0,1387,209,209,7,2022,0,2022-07-01,0.005046863734679163,0.0,0.0
5,0,0,1387,210,210,7,2022,0,2022-07-01,0.003604902667627974,0.0,0.0
10,0,0,1387,211,211,7,2022,0,2022-07-01,0.007209805335255948,0.0,0.0
6,0,0,1387,212,212,8,2022,0,2022-08-01,0.004325883201153569,0.0,0.0
1,0,0,1387,213,213,8,2022,0,2022-08-01,0.0007209805335255948,0.0,0.0
4,0,0,1387,214,214,8,2022,0,2022-08-01,0.002883922134102379,0.0,0.0
3,0,0,1387,215,215,8,2022,0,2022-08-01,0.0021629416005767843,0.0,0.0
3,0,0,1387,216,216,8,2022,0,2022-08-01,0.0021629416005767843,0.0,0.0
2,0,0,1387,217,217,8,2022,0,2022-08-01,0.0014419610670511895,0.0,0.0
7,0,0,1387,218,218,8,2022,0,2022-08-01,0.005046863734679163,0.0,0.0
0,0,0,1387,219,219,8,2022,0,2022-08-01,0.0,0.0,0.0
3,0,0,1387,220,220,8,2022,0,2022-08-01,0.0021629416005767843,0.0,0.0
5,0,0,1387,221,221,8,2022,0,2022-08-01,0.003604902667627974,0.0,0.0
2,0,0,1387,222,222,8,2022,0,2022-08-01,0.0014419610670511895,0.0,0.0
2,0,0,1387,223,223,8,2022,0,2022-08-01,0.0014419610670511895,0.0,0.0
4,0,0,1387,224,224,8,2022,0,2022-08-01,0.002883922134102379,0.0,0.0
7,0,0,1387,225,225,8,2022,0,2022-08-01,0.005046863734679163,0.0,0.0
3,0,0,1387,226,226,8,2022,0,2022-08-01,0.0021629416005767843,0.0,0.0
5,0,0,1386,227,227,8,2022,0,2022-08-01,0.0036075036075036075,0.0,0.0
2,0,0,1386,228,228,8,2022,0,2022-08-01,0.001443001443001443,0.0,0.0
2,0,0,1386,229,229,8,2022,0,2022-08-01,0.001443001443001443,0.0,0.0
4,0,0,1386,230,230,8,2022,0,2022-08-01,0.002886002886002886,0.0,0.0
6,0,0,1386,231,231,8,2022,0,2022-08-01,0.004329004329004329,0.0,0.0
8,0,0,1386,232,232,8,2022,0,2022-08-01,0.005772005772005772,0.0,0.0
1,0,0,1386,233,233,8,2022,0,2022-08-01,0.0007215007215007215,0.0,0.0
7,0,0,1386,234,234,8,2022,0,2022-08-01,0.005050505050505051,0.0,0.0
3,0,0,1386,235,235,8,2022,0,2022-08-01,0.0021645021645021645,0.0,0.0
1,0,0,1387,236,236,8,2022,0,2022-08-01,0.0007209805335255948,0.0,0.0
3,0,0,1387,237,237,8,2022,0,2022-08-01,0.0021629416005767843,0.0,0.0
1,0,0,1388,238,238,8,2022,0,2022-08-01,0.0007204610951008645,0.0,0.0
2,0,0,1388,239,239,8,2022,0,2022-08-01,0.001440922190201729,0.0,0.0
2,0,0,1388,240,240,8,2022,0,2022-08-01,0.001440922190201729,0.0,0.0
2,0,0,1388,241,241,8,2022,0,2022-08-01,0.001440922190201729,0.0,0.0
3,0,0,1388,242,242,8,2022,0,2022-08-01,0.002161383285302594,0.0,0.0
2,0,0,1388,243,243,9,2022,0,2022-09-01,0.001440922190201729,0.0,0.0
4,0,0,1388,244,244,9,2022,0,2022-09-01,0.002881844380403458,0.0,0.0
7,0,0,1388,245,245,9,2022,0,2022-09-01,0.005043227665706052,0.0,0.0
3,0,0,1388,246,246,9,2022,0,2022-09-01,0.002161383285302594,0.0,0.0
4,0,0,1388,247,247,9,2022,0,2022-09-01,0.002881844380403458,0.0,0.0
0,0,0,1388,248,248,9,2022,0,2022-09-01,0.0,0.0,0.0
2,0,0,1389,249,249,9,2022,0,2022-09-01,0.0014398848092152627,0.0,0.0
4,0,0,1389,250,250,9,2022,0,2022-09-01,0.0028797696184305254,0.0,0.0
6,0,0,1389,251,251,9,2022,0,2022-09-01,0.004319654427645789,0.0,0.0
4,0,0,1389,252,252,9,2022,0,2022-09-01,0.0028797696184305254,0.0,0.0
0,0,0,1389,253,253,9,2022,0,2022-09-01,0.0,0.0,0.0
5,0,0,1389,254,254,9,2022,0,2022-09-01,0.003599712023038157,0.0,0.0
2,0,0,1388,255,255,9,2022,0,2022-09-01,0.001440922190201729,0.0,0.0
2,0,0,1388,256,256,9,2022,0,2022-09-01,0.001440922190201729,0.0,0.0
6,0,0,1388,257,257,9,2022,0,2022-09-01,0.004322766570605188,0.0,0.0
1,0,0,1388,258,258,9,2022,0,2022-09-01,0.0007204610951008645,0.0,0.0
3,0,0,1388,259,259,9,2022,0,2022-09-01,0.002161383285302594,0.0,0.0
5,0,0,1388,260,260,9,2022,0,2022-09-01,0.0036023054755043226,0.0,0.0
5,0,0,1388,261,261,9,2022,0,2022-09-01,0.0036023054755043226,0.0,0.0
3,0,0,1388,262,262,9,2022,0,2022-09-01,0.002161383285302594,0.0,0.0
5,0,0,1388,263,263,9,2022,0,2022-09-01,0.0036023054755043226,0.0,0.0
2,0,0,1388,264,264,9,2022,0,2022-09-01,0.001440922190201729,0.0,0.0
4,0,0,1388,265,265,9,2022,0,2022-09-01,0.002881844380403458,0.0,0.0
7,0,0,1387,266,266,9,2022,0,2022-09-01,0.005046863734679163,0.0,0.0
0,0,0,1387,267,267,9,2022,0,2022-09-01,0.0,0.0,0.0
3,0,0,1387,268,268,9,2022,0,2022-09-01,0.0021629416005767843,0.0,0.0
1,0,0,1387,269,269,9,2022,0,2022-09-01,0.0007209805335255948,0.0,0.0
1,0,0,1387,270,270,9,2022,0,2022-09-01,0.0007209805335255948,0.0,0.0
4,0,0,1387,271,271,9,2022,0,2022-09-01,0.002883922134102379,0.0,0.0
3,0,0,1387,272,272,9,2022,0,2022-09-01,0.0021629416005767843,0.0,0.0
3,0,0,1387,273,273,10,2022,0,2022-10-01,0.0021629416005767843,0.0,0.0
2,0,0,1387,274,274,10,2022,0,2022-10-01,0.0014419610670511895,0.0,0.0
2,0,0,1387,275,275,10,2022,0,2022-10-01,0.0014419610670511895,0.0,0.0
2,0,0,1387,276,276,10,2022,0,2022-10-01,0.0014419610670511895,0.0,0.0
1,0,0,1386,277,277,10,2022,0,2022-10-01,0.0007215007215007215,0.0,0.0
2,0,0,1386,278,278,10,2022,0,2022-10-01,0.001443001443001443,0.0,0.0
0,0,0,1386,279,279,10,2022,0,2022-10-01,0.0,0.0,0.0
2,0,0,1385,280,280,10,2022,0,2022-10-01,0.001444043321299639,0.0,0.0
1,0,0,1385,281,281,10,2022,0,2022-10-01,0.0007220216606498195,0.0,0.0
1,0,0,1385,282,282,10,2022,0,2022-10-01,0.0007220216606498195,0.0,0.0
5,0,0,1385,283,283,10,2022,0,2022-10-01,0.0036101083032490976,0.0,0.0
3,0,0,1385,284,284,10,2022,0,2022-10-01,0.0021660649819494585,0.0,0.0
0,0,0,1385,285,285,10,2022,0,2022-10-01,0.0,0.0,0.0
0,0,0,1385,286,286,10,2022,0,2022-10-01,0.0,0.0,0.0
0,0,0,1385,287,287,10,2022,0,2022-10-01,0.0,0.0,0.0
0,0,0,1385,288,288,10,2022,0,2022-10-01,0.0,0.0,0.0
3,0,0,1385,289,289,10,2022,0,2022-10-01,0.0021660649819494585,0.0,0.0
3,0,0,1387,290,290,10,2022,0,2022-10-01,0.0021629416005767843,0.0,0.0
1,0,0,1387,291,291,10,2022,0,2022-10-01,0.0007209805335255948,0.0,0.0
0,0,0,1387,292,292,10,2022,0,2022-10-01,0.0,0.0,0.0
1,0,0,1387,293,293,10,2022,0,2022-10-01,0.0007209805335255948,0.0,0.0
0,0,0,1387,294,294,10,2022,0,2022-10-01,0.0,0.0,0.0
0,0,0,1387,295,295,10,2022,0,2022-10-01,0.0,0.0,0.0
1,0,0,1387,296,296,10,2022,0,2022-10-01,0.0007209805335255948,0.0,0.0
0,0,0,1387,297,297,10,2022,0,2022-10-01,0.0,0.0,0.0
2,0,0,1387,298,298,10,2022,0,2022-10-01,0.0014419610670511895,0.0,0.0
0,0,0,1387,299,299,10,2022,0,2022-10-01,0.0,0.0,0.0
1,0,0,1387,300,300,10,2022,0,2022-10-01,0.0007209805335255948,0.0,0.0
1,0,0,1386,301,301,10,2022,0,2022-10-01,0.0007215007215007215,0.0,0.0
1,0,0,1386,302,302,10,2022,0,2022-10-01,0.0007215007215007215,0.0,0.0
1,0,0,1383,303,303,10,2022,0,2022-10-01,0.0007230657989877079,0.0,0.0
0,0,0,1383,304,304,11,2022,0,2022-11-01,0.0,0.0,0.0
3,0,0,1383,305,305,11,2022,0,2022-11-01,0.0021691973969631237,0.0,0.0
1,0,0,1383,306,306,11,2022,0,2022-11-01,0.0007230657989877079,0.0,0.0
1,0,0,1383,307,307,11,2022,0,2022-11-01,0.0007230657989877079,0.0,0.0
1,0,0,1383,308,308,11,2022,0,2022-11-01,0.0007230657989877079,0.0,0.0
0,0,0,1383,309,309,11,2022,0,2022-11-01,0.0,0.0,0.0
1,0,0,1383,310,310,11,2022,0,2022-11-01,0.0007230657989877079,0.0,0.0
0,0,0,1383,311,311,11,2022,0,2022-11-01,0.0,0.0,0.0
2,0,0,1383,312,312,11,2022,0,2022-11-01,0.0014461315979754157,0.0,0.0
0,0,0,1383,313,313,11,2022,0,2022-11-01,0.0,0.0,0.0
1,0,0,1383,314,314,11,2022,0,2022-11-01,0.0007230657989877079,0.0,0.0
2,0,0,1383,315,315,11,2022,0,2022-11-01,0.0014461315979754157,0.0,0.0
2,0,0,1384,316,316,11,2022,0,2022-11-01,0.001445086705202312,0.0,0.0
0,0,0,1384,317,317,11,2022,0,2022-11-01,0.0,0.0,0.0
2,0,0,1384,318,318,11,2022,0,2022-11-01,0.001445086705202312,0.0,0.0
2,0,0,1384,319,319,11,2022,0,2022-11-01,0.001445086705202312,0.0,0.0
1,0,0,1383,320,320,11,2022,0,2022-11-01,0.0007230657989877079,0.0,0.0
2,0,0,1383,321,321,11,2022,0,2022-11-01,0.0014461315979754157,0.0,0.0
1,0,0,1384,322,322,11,2022,0,2022-11-01,0.000722543352601156,0.0,0.0
0,0,0,1384,323,323,11,2022,0,2022-11-01,0.0,0.0,0.0
4,0,0,1384,324,324,11,2022,0,2022-11-01,0.002890173410404624,0.0,0.0
1,0,0,1384,325,325,11,2022,0,2022-11-01,0.000722543352601156,0.0,0.0
1,0,0,1384,326,326,11,2022,0,2022-11-01,0.000722543352601156,0.0,0.0
3,0,0,1385,327,327,11,2022,0,2022-11-01,0.0021660649819494585,0.0,0.0
2,0,0,1385,328,328,11,2022,0,2022-11-01,0.001444043321299639,0.0,0.0
0,0,0,1385,329,329,11,2022,0,2022-11-01,0.0,0.0,0.0
1,0,0,1385,330,330,11,2022,0,2022-11-01,0.0007220216606498195,0.0,0.0
3,0,0,1386,331,331,11,2022,0,2022-11-01,0.0021645021645021645,0.0,0.0
0,0,0,1386,332,332,11,2022,0,2022-11-01,0.0,0.0,0.0
2,0,0,1386,333,333,11,2022,0,2022-11-01,0.001443001443001443,0.0,0.0
0,0,0,1386,334,334,12,2022,0,2022-12-01,0.0,0.0,0.0
1,0,0,1386,335,335,12,2022,0,2022-12-01,0.0007215007215007215,0.0,0.0
2,0,0,1386,336,336,12,2022,0,2022-12-01,0.001443001443001443,0.0,0.0
0,0,0,1386,337,337,12,2022,0,2022-12-01,0.0,0.0,0.0
3,0,0,1386,338,338,12,2022,0,2022-12-01,0.0021645021645021645,0.0,0.0
5,0,0,1385,339,339,12,2022,0,2022-12-01,0.0036101083032490976,0.0,0.0
1,0,0,1385,340,340,12,2022,0,2022-12-01,0.0007220216606498195,0.0,0.0
0,0,0,1385,341,341,12,2022,0,2022-12-01,0.0,0.0,0.0
0,0,0,1384,342,342,12,2022,0,2022-12-01,0.0,0.0,0.0
0,0,0,1385,343,343,12,2022,0,2022-12-01,0.0,0.0,0.0
1,0,0,1385,344,344,12,2022,0,2022-12-01,0.0007220216606498195,0.0,0.0
0,0,0,1385,345,345,12,2022,0,2022-12-01,0.0,0.0,0.0
2,0,0,1385,346,346,12,2022,0,2022-12-01,0.001444043321299639,0.0,0.0
1,0,0,1385,347,347,12,2022,0,2022-12-01,0.0007220216606498195,0.0,0.0
1,0,0,1385,348,348,12,2022,0,2022-12-01,0.0007220216606498195,0.0,0.0
0,0,0,1385,349,349,12,2022,0,2022-12-01,0.0,0.0,0.0
3,0,0,1385,350,350,12,2022,0,2022-12-01,0.0021660649819494585,0.0,0.0
1,0,0,1385,351,351,12,2022,0,2022-12-01,0.0007220216606498195,0.0,0.0
2,0,0,1385,352,352,12,2022,0,2022-12-01,0.001444043321299639,0.0,0.0
0,0,0,1385,353,353,12,2022,0,2022-12-01,0.0,0.0,0.0
1,0,0,1385,354,354,12,2022,0,2022-12-01,0.0007220216606498195,0.0,0.0
2,0,0,1385,355,355,12,2022,0,2022-12-01,0.001444043321299639,0.0,0.0
0,0,0,1385,356,356,12,2022,0,2022-12-01,0.0,0.0,0.0
0,0,0,1385,357,357,12,2022,0,2022-12-01,0.0,0.0,0.0
2,0,0,1385,358,358,12,2022,0,2022-12-01,0.001444043321299639,0.0,0.0
1,0,0,1386,359,359,12,2022,0,2022-12-01,0.0007215007215007215,0.0,0.0
2,0,0,1386,360,360,12,2022,0,2022-12-01,0.001443001443001443,0.0,0.0
1,0,0,1386,361,361,12,2022,0,2022-12-01,0.0007215007215007215,0.0,0.0
6,0,0,1386,362,362,12,2022,0,2022-12-01,0.004329004329004329,0.0,0.0
1,0,0,1386,363,363,12,2022,0,2022-12-01,0.0007215007215007215,0.0,0.0
1,0,0,1386,364,364,12,2022,0,2022-12-01,0.0007215007215007215,0.0,0.0
2,0,0,1386,365,0,1,2023,0,2023-01-01,0.001443001443001443,0.0,0.0
1,1076,1113,1386,366,1,1,2023,0,2023-01-01,0.0007215007215007215,0.7763347763347763,0.803030303030303
3,0,0,1386,367,2,1,2023,0,2023-01-01,0.0021645021645021645,0.0,0.0
0,0,0,1385,368,3,1,2023,0,2023-01-01,0.0,0.0,0.0
2,0,0,1385,369,4,1,2023,0,2023-01-01,0.001444043321299639,0.0,0.0
0,0,0,1385,370,5,1,2023,0,2023-01-01,0.0,0.0,0.0
1,0,0,1385,371,6,1,2023,0,2023-01-01,0.0007220216606498195,0.0,0.0
2,0,0,1385,372,7,1,2023,0,2023-01-01,0.001444043321299639,0.0,0.0
1,0,0,1384,373,8,1,2023,0,2023-01-01,0.000722543352601156,0.0,0.0
0,0,0,1384,374,9,1,2023,0,2023-01-01,0.0,0.0,0.0
0,0,0,1384,375,10,1,2023,0,2023-01-01,0.0,0.0,0.0
1,0,0,1385,376,11,1,2023,0,2023-01-01,0.0007220216606498195,0.0,0.0
3,0,0,1385,377,12,1,2023,0,2023-01-01,0.0021660649819494585,0.0,0.0
2,0,0,1385,378,13,1,2023,0,2023-01-01,0.001444043321299639,0.0,0.0
0,0,0,1385,379,14,1,2023,0,2023-01-01,0.0,0.0,0.0
7,0,0,1385,380,15,1,2023,0,2023-01-01,0.005054151624548736,0.0,0.0
0,0,0,1385,381,16,1,2023,0,2023-01-01,0.0,0.0,0.0
4,0,0,1385,382,17,1,2023,0,2023-01-01,0.002888086642599278,0.0,0.0
2,0,0,1386,383,18,1,2023,0,2023-01-01,0.001443001443001443,0.0,0.0
0,0,0,1386,384,19,1,2023,0,2023-01-01,0.0,0.0,0.0
1,0,0,1386,385,20,1,2023,0,2023-01-01,0.0007215007215007215,0.0,0.0
1,0,0,1386,386,21,1,2023,0,2023-01-01,0.0007215007215007215,0.0,0.0
0,0,0,1386,387,22,1,2023,0,2023-01-01,0.0,0.0,0.0
0,0,0,1386,388,23,1,2023,0,2023-01-01,0.0,0.0,0.0
1,0,0,1386,389,24,1,2023,0,2023-01-01,0.0007215007215007215,0.0,0.0
1,0,0,1386,390,25,1,2023,0,2023-01-01,0.0007215007215007215,0.0,0.0
0,0,0,1387,391,26,1,2023,0,2023-01-01,0.0,0.0,0.0
1,0,0,1387,392,27,1,2023,0,2023-01-01,0.0007209805335255948,0.0,0.0
4,0,0,1387,393,28,1,2023,0,2023-01-01,0.002883922134102379,0.0,0.0
0,0,0,1387,394,29,1,2023,0,2023-01-01,0.0,0.0,0.0
1,0,0,1387,395,30,1,2023,0,2023-01-01,0.0007209805335255948,0.0,0.0
0,0,0,1387,396,31,2,2023,0,2023-02-01,0.0,0.0,0.0
1,0,0,1386,397,32,2,2023,0,2023-02-01,0.0007215007215007215,0.0,0.0
1,0,0,1386,398,33,2,2023,0,2023-02-01,0.0007215007215007215,0.0,0.0
0,0,0,1386,399,34,2,2023,0,2023-02-01,0.0,0.0,0.0
2,0,0,1386,400,35,2,2023,0,2023-02-01,0.001443001443001443,0.0,0.0
2,0,0,1386,401,36,2,2023,0,2023-02-01,0.001443001443001443,0.0,0.0
0,0,0,1386,402,37,2,2023,0,2023-02-01,0.0,0.0,0.0
1,0,0,1386,403,38,2,2023,0,2023-02-01,0.0007215007215007215,0.0,0.0
2,0,0,1386,404,39,2,2023,0,2023-02-01,0.001443001443001443,0.0,0.0
1,0,0,1386,405,40,2,2023,0,2023-02-01,0.0007215007215007215,0.0,0.0
2,0,0,1386,406,41,2,2023,0,2023-02-01,0.001443001443001443,0.0,0.0
2,0,0,1386,407,42,2,2023,0,2023-02-01,0.001443001443001443,0.0,0.0
6,0,0,1386,408,43,2,2023,0,2023-02-01,0.004329004329004329,0.0,0.0
0,0,0,1386,409,44,2,2023,0,2023-02-01,0.0,0.0,0.0
1,0,0,1386,410,45,2,2023,0,2023-02-01,0.0007215007215007215,0.0,0.0
0,0,0,1387,411,46,2,2023,0,2023-02-01,0.0,0.0,0.0
3,0,0,1387,412,47,2,2023,0,2023-02-01,0.0021629416005767843,0.0,0.0
3,0,0,1386,413,48,2,2023,0,2023-02-01,0.0021645021645021645,0.0,0.0
1,0,0,1386,414,49,2,2023,0,2023-02-01,0.0007215007215007215,0.0,0.0
2,0,0,1386,415,50,2,2023,0,2023-02-01,0.001443001443001443,0.0,0.0
4,0,0,1386,416,51,2,2023,0,2023-02-01,0.002886002886002886,0.0,0.0
2,0,0,1386,417,52,2,2023,0,2023-02-01,0.001443001443001443,0.0,0.0
0,0,0,1385,418,53,2,2023,0,2023-02-01,0.0,0.0,0.0
0,0,0,1385,419,54,2,2023,0,2023-02-01,0.0,0.0,0.0
3,0,0,1385,420,55,2,2023,0,2023-02-01,0.0021660649819494585,0.0,0.0
1,0,0,1385,421,56,2,2023,0,2023-02-01,0.0007220216606498195,0.0,0.0
0,0,0,1385,422,57,2,2023,0,2023-02-01,0.0,0.0,0.0
2,0,0,1384,423,58,2,2023,0,2023-02-01,0.001445086705202312,0.0,0.0
1,0,0,1384,424,59,3,2023,0,2023-03-01,0.000722543352601156,0.0,0.0
0,0,0,1384,425,60,3,2023,0,2023-03-01,0.0,0.0,0.0
0,0,0,1384,426,61,3,2023,0,2023-03-01,0.0,0.0,0.0
1,0,0,1384,427,62,3,2023,0,2023-03-01,0.000722543352601156,0.0,0.0
2,0,0,1384,428,63,3,2023,0,2023-03-01,0.001445086705202312,0.0,0.0
1,0,0,1383,429,64,3,2023,0,2023-03-01,0.0007230657989877079,0.0,0.0
2,0,0,1383,430,65,3,2023,0,2023-03-01,0.0014461315979754157,0.0,0.0
2,0,0,1383,431,66,3,2023,0,2023-03-01,0.0014461315979754157,0.0,0.0
4,0,0,1383,432,67,3,2023,0,2023-03-01,0.0028922631959508315,0.0,0.0
2,0,0,1383,433,68,3,2023,0,2023-03-01,0.0014461315979754157,0.0,0.0
2,0,0,1383,434,69,3,2023,0,2023-03-01,0.0014461315979754157,0.0,0.0
3,0,0,1383,435,70,3,2023,0,2023-03-01,0.0021691973969631237,0.0,0.0
1,0,0,1382,436,71,3,2023,0,2023-03-01,0.000723589001447178,0.0,0.0
3,0,0,1382,437,72,3,2023,0,2023-03-01,0.002170767004341534,0.0,0.0
1,0,0,1382,438,73,3,2023,0,2023-03-01,0.000723589001447178,0.0,0.0
0,0,0,1382,439,74,3,2023,0,2023-03-01,0.0,0.0,0.0
3,0,0,1382,440,75,3,2023,0,2023-03-01,0.002170767004341534,0.0,0.0
1,0,0,1381,441,76,3,2023,0,2023-03-01,0.000724112961622013,0.0,0.0
0,0,0,1380,442,77,3,2023,0,2023-03-01,0.0,0.0,0.0
1,0,0,1380,443,78,3,2023,0,2023-03-01,0.0007246376811594203,0.0,0.0
3,0,0,1379,444,79,3,2023,0,2023-03-01,0.002175489485134155,0.0,0.0
0,0,0,1379,445,80,3,2023,0,2023-03-01,0.0,0.0,0.0
0,0,0,1380,446,81,3,2023,0,2023-03-01,0.0,0.0,0.0
2,0,0,1379,447,82,3,2023,0,2023-03-01,0.0014503263234227702,0.0,0.0
4,0,0,1379,448,83,3,2023,0,2023-03-01,0.0029006526468455403,0.0,0.0
3,0,0,1380,449,84,3,2023,0,2023-03-01,0.002173913043478261,0.0,0.0
1,0,0,1380,450,85,3,2023,0,2023-03-01,0.0007246376811594203,0.0,0.0
1,0,0,1380,451,86,3,2023,0,2023-03-01,0.0007246376811594203,0.0,0.0
5,0,0,1379,452,87,3,2023,0,2023-03-01,0.0036258158085569255,0.0,0.0
1,0,0,1379,453,88,3,2023,0,2023-03-01,0.0007251631617113851,0.0,0.0
6,0,0,1379,454,89,3,2023,0,2023-03-01,0.00435097897026831,0.0,0.0
5,0,0,1379,455,90,4,2023,0,2023-04-01,0.0036258158085569255,0.0,0.0
0,0,0,1379,456,91,4,2023,0,2023-04-01,0.0,0.0,0.0
1,0,0,1379,457,92,4,2023,0,2023-04-01,0.0007251631617113851,0.0,0.0
1,0,0,1379,458,93,4,2023,0,2023-04-01,0.0007251631617113851,0.0,0.0
4,0,0,1379,459,94,4,2023,0,2023-04-01,0.0029006526468455403,0.0,0.0
2,0,0,1379,460,95,4,2023,0,2023-04-01,0.0014503263234227702,0.0,0.0
0,0,0,1379,461,96,4,2023,0,2023-04-01,0.0,0.0,0.0
0,0,0,1379,462,97,4,2023,0,2023-04-01,0.0,0.0,0.0
1,0,0,1379,463,98,4,2023,0,2023-04-01,0.0007251631617113851,0.0,0.0
4,0,0,1379,464,99,4,2023,0,2023-04-01,0.0029006526468455403,0.0,0.0
4,0,0,1379,465,100,4,2023,0,2023-04-01,0.0029006526468455403,0.0,0.0
3,0,0,1379,466,101,4,2023,0,2023-04-01,0.002175489485134155,0.0,0.0
2,0,0,1379,467,102,4,2023,0,2023-04-01,0.0014503263234227702,0.0,0.0
1,0,0,1379,468,103,4,2023,0,2023-04-01,0.0007251631617113851,0.0,0.0
4,0,0,1379,469,104,4,2023,0,2023-04-01,0.0029006526468455403,0.0,0.0
0,0,0,1379,470,105,4,2023,0,2023-04-01,0.0,0.0,0.0
0,0,0,1379,471,106,4,2023,0,2023-04-01,0.0,0.0,0.0
2,0,0,1379,472,107,4,2023,0,2023-04-01,0.0014503263234227702,0.0,0.0
2,0,0,1379,473,108,4,2023,0,2023-04-01,0.0014503263234227702,0.0,0.0
0,0,0,1378,474,109,4,2023,0,2023-04-01,0.0,0.0,0.0
0,0,0,1378,475,110,4,2023,0,2023-04-01,0.0,0.0,0.0
3,0,0,1378,476,111,4,2023,0,2023-04-01,0.0021770682148040637,0.0,0.0
2,0,0,1378,477,112,4,2023,0,2023-04-01,0.001451378809869376,0.0,0.0
3,0,0,1378,478,113,4,2023,0,2023-04-01,0.0021770682148040637,0.0,0.0
2,0,0,1378,479,114,4,2023,0,2023-04-01,0.001451378809869376,0.0,0.0
2,0,0,1378,480,115,4,2023,0,2023-04-01,0.001451378809869376,0.0,0.0
2,0,0,1378,481,116,4,2023,0,2023-04-01,0.001451378809869376,0.0,0.0
0,0,0,1378,482,117,4,2023,0,2023-04-01,0.0,0.0,0.0
2,0,0,1378,483,118,4,2023,0,2023-04-01,0.001451378809869376,0.0,0.0
1,0,0,1378,484,119,4,2023,0,2023-04-01,0.000725689404934688,0.0,0.0
3,0,0,1378,485,120,5,2023,0,2023-05-01,0.0021770682148040637,0.0,0.0
1,0,0,1378,486,121,5,2023,0,2023-05-01,0.000725689404934688,0.0,0.0
0,0,0,1378,487,122,5,2023,0,2023-05-01,0.0,0.0,0.0
3,0,0,1378,488,123,5,2023,0,2023-05-01,0.0021770682148040637,0.0,0.0
1,0,0,1378,489,124,5,2023,0,2023-05-01,0.000725689404934688,0.0,0.0
5,0,0,1378,490,125,5,2023,0,2023-05-01,0.00362844702467344,0.0,0.0
3,0,0,1377,491,126,5,2023,0,2023-05-01,0.002178649237472767,0.0,0.0
1,0,0,1377,492,127,5,2023,0,2023-05-01,0.0007262164124909223,0.0,0.0
2,0,0,1377,493,128,5,2023,0,2023-05-01,0.0014524328249818446,0.0,0.0
3,0,0,1377,494,129,5,2023,0,2023-05-01,0.002178649237472767,0.0,0.0
1,0,0,1377,495,130,5,2023,0,2023-05-01,0.0007262164124909223,0.0,0.0
0,0,0,1377,496,131,5,2023,0,2023-05-01,0.0,0.0,0.0
0,0,0,1377,497,132,5,2023,0,2023-05-01,0.0,0.0,0.0
2,0,0,1377,498,133,5,2023,0,2023-05-01,0.0014524328249818446,0.0,0.0
0,0,0,1377,499,134,5,2023,0,2023-05-01,0.0,0.0,0.0
0,0,0,1376,500,135,5,2023,0,2023-05-01,0.0,0.0,0.0
2,0,0,1375,501,136,5,2023,0,2023-05-01,0.0014545454545454545,0.0,0.0
1,0,0,1374,502,137,5,2023,0,2023-05-01,0.000727802037845706,0.0,0.0
1,0,0,1374,503,138,5,2023,0,2023-05-01,0.000727802037845706,0.0,0.0
0,0,0,1374,504,139,5,2023,0,2023-05-01,0.0,0.0,0.0
0,0,0,1373,505,140,5,2023,0,2023-05-01,0.0,0.0,0.0
0,0,0,1373,506,141,5,2023,0,2023-05-01,0.0,0.0,0.0
0,0,0,1372,507,142,5,2023,0,2023-05-01,0.0,0.0,0.0
2,0,0,1372,508,143,5,2023,0,2023-05-01,0.0014577259475218659,0.0,0.0
1,0,0,1372,509,144,5,2023,0,2023-05-01,0.0007288629737609329,0.0,0.0
0,0,0,1372,510,145,5,2023,0,2023-05-01,0.0,0.0,0.0
0,0,0,1372,511,146,5,2023,0,2023-05-01,0.0,0.0,0.0
2,0,0,1372,512,147,5,2023,0,2023-05-01,0.0014577259475218659,0.0,0.0
1,0,0,1372,513,148,5,2023,0,2023-05-01,0.0007288629737609329,0.0,0.0
1,0,0,1372,514,149,5,2023,0,2023-05-01,0.0007288629737609329,0.0,0.0
0,0,0,1372,515,150,5,2023,0,2023-05-01,0.0,0.0,0.0
1,0,0,1371,516,151,6,2023,0,2023-06-01,0.0007293946024799417,0.0,0.0
3,0,0,1371,517,152,6,2023,0,2023-06-01,0.002188183807439825,0.0,0.0
0,0,0,1371,518,153,6,2023,0,2023-06-01,0.0,0.0,0.0
1,0,0,1371,519,154,6,2023,0,2023-06-01,0.0007293946024799417,0.0,0.0
1,0,0,1371,520,155,6,2023,0,2023-06-01,0.0007293946024799417,0.0,0.0
1,0,0,1371,521,156,6,2023,0,2023-06-01,0.0007293946024799417,0.0,0.0
1,0,0,1371,522,157,6,2023,0,2023-06-01,0.0007293946024799417,0.0,0.0
0,0,0,1371,523,158,6,2023,0,2023-06-01,0.0,0.0,0.0
0,0,0,1371,524,159,6,2023,0,2023-06-01,0.0,0.0,0.0
1,0,0,1371,525,160,6,2023,0,2023-06-01,0.0007293946024799417,0.0,0.0
1,0,0,1371,526,161,6,2023,0,2023-06-01,0.0007293946024799417,0.0,0.0
1,0,0,1371,527,162,6,2023,0,2023-06-01,0.0007293946024799417,0.0,0.0
0,0,0,1371,528,163,6,2023,0,2023-06-01,0.0,0.0,0.0
0,0,0,1371,529,164,6,2023,0,2023-06-01,0.0,0.0,0.0
0,0,0,1371,530,165,6,2023,0,2023-06-01,0.0,0.0,0.0
1,0,0,1371,531,166,6,2023,0,2023-06-01,0.0007293946024799417,0.0,0.0
1,0,0,1371,532,167,6,2023,0,2023-06-01,0.0007293946024799417,0.0,0.0
0,0,0,1370,533,168,6,2023,0,2023-06-01,0.0,0.0,0.0
0,0,0,1369,534,169,6,2023,0,2023-06-01,0.0,0.0,0.0
0,0,0,1369,535,170,6,2023,0,2023-06-01,0.0,0.0,0.0
0,0,0,1369,536,171,6,2023,0,2023-06-01,0.0,0.0,0.0
1,0,0,1369,537,172,6,2023,0,2023-06-01,0.0007304601899196494,0.0,0.0
1,0,0,1369,538,173,6,2023,0,2023-06-01,0.0007304601899196494,0.0,0.0
1,0,0,1369,539,174,6,2023,0,2023-06-01,0.0007304601899196494,0.0,0.0
0,0,0,1369,540,175,6,2023,0,2023-06-01,0.0,0.0,0.0
0,0,0,1369,541,176,6,2023,0,2023-06-01,0.0,0.0,0.0
0,0,0,1369,542,177,6,2023,0,2023-06-01,0.0,0.0,0.0
0,0,0,1369,543,178,6,2023,0,2023-06-01,0.0,0.0,0.0
0,0,0,1368,544,179,6,2023,0,2023-06-01,0.0,0.0,0.0
0,0,0,1367,545,180,6,2023,0,2023-06-01,0.0,0.0,0.0
0,0,0,1367,546,181,7,2023,0,2023-07-01,0.0,0.0,0.0
0,0,0,1367,547,182,7,2023,0,2023-07-01,0.0,0.0,0.0
0,0,0,1367,548,183,7,2023,0,2023-07-01,0.0,0.0,0.0
0,0,0,1367,549,184,7,2023,0,2023-07-01,0.0,0.0,0.0
0,0,0,1367,550,185,7,2023,0,2023-07-01,0.0,0.0,0.0
0,0,0,1367,551,186,7,2023,0,2023-07-01,0.0,0.0,0.0
0,0,0,1367,552,187,7,2023,0,2023-07-01,0.0,0.0,0.0
0,0,0,1367,553,188,7,2023,0,2023-07-01,0.0,0.0,0.0
0,0,0,1367,554,189,7,2023,0,2023-07-01,0.0,0.0,0.0
0,0,0,1367,555,190,7,2023,0,2023-07-01,0.0,0.0,0.0
0,0,0,1367,556,191,7,2023,0,2023-07-01,0.0,0.0,0.0
0,0,0,1368,557,192,7,2023,0,2023-07-01,0.0,0.0,0.0
0,0,0,1368,558,193,7,2023,0,2023-07-01,0.0,0.0,0.0
0,0,0,1368,559,194,7,2023,0,2023-07-01,0.0,0.0,0.0
0,0,0,1368,560,195,7,2023,0,2023-07-01,0.0,0.0,0.0
0,0,0,1367,561,196,7,2023,0,2023-07-01,0.0,0.0,0.0
0,0,0,1367,562,197,7,2023,0,2023-07-01,0.0,0.0,0.0
0,0,0,1366,563,198,7,2023,0,2023-07-01,0.0,0.0,0.0
0,0,0,1366,564,199,7,2023,0,2023-07-01,0.0,0.0,0.0
0,0,0,1366,565,200,7,2023,0,2023-07-01,0.0,0.0,0.0
0,0,0,1366,566,201,7,2023,0,2023-07-01,0.0,0.0,0.0
0,0,0,1366,567,202,7,2023,0,2023-07-01,0.0,0.0,0.0
0,0,0,1365,568,203,7,2023,0,2023-07-01,0.0,0.0,0.0
0,0,0,1364,569,204,7,2023,0,2023-07-01,0.0,0.0,0.0
0,0,0,1364,570,205,7,2023,0,2023-07-01,0.0,0.0,0.0
0,0,0,1364,571,206,7,2023,0,2023-07-01,0.0,0.0,0.0
0,0,0,1364,572,207,7,2023,0,2023-07-01,0.0,0.0,0.0
0,0,0,1364,573,208,7,2023,0,2023-07-01,0.0,0.0,0.0
0,0,0,1364,574,209,7,2023,0,2023-07-01,0.0,0.0,0.0
0,0,0,1364,575,210,7,2023,0,2023-07-01,0.0,0.0,0.0
0,0,0,1364,576,211,7,2023,0,2023-07-01,0.0,0.0,0.0
0,0,0,1364,577,212,8,2023,0,2023-08-01,0.0,0.0,0.0
0,0,0,1364,578,213,8,2023,0,2023-08-01,0.0,0.0,0.0
0,0,0,1364,579,214,8,2023,0,2023-08-01,0.0,0.0,0.0
0,0,0,1364,580,215,8,2023,0,2023-08-01,0.0,0.0,0.0
0,0,0,1364,581,216,8,2023,0,2023-08-01,0.0,0.0,0.0
0,0,0,1364,582,217,8,2023,0,2023-08-01,0.0,0.0,0.0
0,0,0,1364,583,218,8,2023,0,2023-08-01,0.0,0.0,0.0
0,0,0,1364,584,219,8,2023,0,2023-08-01,0.0,0.0,0.0
0,0,0,1364,585,220,8,2023,0,2023-08-01,0.0,0.0,0.0
0,0,0,1364,586,221,8,2023,0,2023-08-01,0.0,0.0,0.0
0,0,0,1364,587,222,8,2023,0,2023-08-01,0.0,0.0,0.0
0,0,0,1363,588,223,8,2023,0,2023-08-01,0.0,0.0,0.0
0,0,0,1363,589,224,8,2023,0,2023-08-01,0.0,0.0,0.0
0,0,0,1363,590,225,8,2023,0,2023-08-01,0.0,0.0,0.0
0,0,0,1363,591,226,8,2023,0,2023-08-01,0.0,0.0,0.0
0,0,0,1363,592,227,8,2023,0,2023-08-01,0.0,0.0,0.0
0,0,0,1363,593,228,8,2023,0,2023-08-01,0.0,0.0,0.0
0,0,0,1363,594,229,8,2023,0,2023-08-01,0.0,0.0,0.0
0,0,0,1363,595,230,8,2023,0,2023-08-01,0.0,0.0,0.0
0,0,0,1363,596,231,8,2023,0,2023-08-01,0.0,0.0,0.0
0,0,0,1363,597,232,8,2023,0,2023-08-01,0.0,0.0,0.0
0,0,0,1363,598,233,8,2023,0,2023-08-01,0.0,0.0,0.0
0,0,0,1363,599,234,8,2023,0,2023-08-01,0.0,0.0,0.0
0,0,0,1363,600,235,8,2023,0,2023-08-01,0.0,0.0,0.0
0,0,0,1363,601,236,8,2023,0,2023-08-01,0.0,0.0,0.0
0,0,0,1363,602,237,8,2023,0,2023-08-01,0.0,0.0,0.0
0,0,0,1363,603,238,8,2023,0,2023-08-01,0.0,0.0,0.0
0,0,0,1362,604,239,8,2023,0,2023-08-01,0.0,0.0,0.0
0,0,0,1362,605,240,8,2023,0,2023-08-01,0.0,0.0,0.0
0,0,0,1362,606,241,8,2023,0,2023-08-01,0.0,0.0,0.0
0,0,0,1362,607,242,8,2023,0,2023-08-01,0.0,0.0,0.0
0,0,0,1362,608,243,9,2023,0,2023-09-01,0.0,0.0,0.0
0,0,0,1362,609,244,9,2023,0,2023-09-01,0.0,0.0,0.0
0,0,0,1362,610,245,9,2023,0,2023-09-01,0.0,0.0,0.0
0,0,0,1362,611,246,9,2023,0,2023-09-01,0.0,0.0,0.0
0,0,0,1362,612,247,9,2023,0,2023-09-01,0.0,0.0,0.0
0,0,0,1362,613,248,9,2023,0,2023-09-01,0.0,0.0,0.0
0,0,0,1362,614,249,9,2023,0,2023-09-01,0.0,0.0,0.0
0,0,0,1362,615,250,9,2023,0,2023-09-01,0.0,0.0,0.0
0,0,0,1361,616,251,9,2023,0,2023-09-01,0.0,0.0,0.0
0,0,0,1361,617,252,9,2023,0,2023-09-01,0.0,0.0,0.0
0,0,0,1361,618,253,9,2023,0,2023-09-01,0.0,0.0,0.0
0,0,0,1361,619,254,9,2023,0,2023-09-01,0.0,0.0,0.0
0,0,0,1360,620,255,9,2023,0,2023-09-01,0.0,0.0,0.0
0,0,0,1360,621,256,9,2023,0,2023-09-01,0.0,0.0,0.0
0,0,0,1359,622,257,9,2023,0,2023-09-01,0.0,0.0,0.0
0,0,0,1359,623,258,9,2023,0,2023-09-01,0.0,0.0,0.0
0,0,0,1359,624,259,9,2023,0,2023-09-01,0.0,0.0,0.0
0,0,0,1359,625,260,9,2023,0,2023-09-01,0.0,0.0,0.0
0,0,0,1359,626,261,9,2023,0,2023-09-01,0.0,0.0,0.0
0,0,0,1358,627,262,9,2023,0,2023-09-01,0.0,0.0,0.0
0,0,0,1359,628,263,9,2023,0,2023-09-01,0.0,0.0,0.0
0,0,0,1359,629,264,9,2023,0,2023-09-01,0.0,0.0,0.0
0,0,0,1359,630,265,9,2023,0,2023-09-01,0.0,0.0,0.0
0,0,0,1359,631,266,9,2023,0,2023-09-01,0.0,0.0,0.0
0,0,0,1359,632,267,9,2023,0,2023-09-01,0.0,0.0,0.0
0,0,0,1359,633,268,9,2023,0,2023-09-01,0.0,0.0,0.0
0,0,0,1359,634,269,9,2023,0,2023-09-01,0.0,0.0,0.0
0,0,0,1360,635,270,9,2023,0,2023-09-01,0.0,0.0,0.0
0,0,0,1360,636,271,9,2023,0,2023-09-01,0.0,0.0,0.0
0,0,0,1360,637,272,9,2023,0,2023-09-01,0.0,0.0,0.0
0,0,0,1360,638,273,10,2023,0,2023-10-01,0.0,0.0,0.0
0,0,0,1360,639,274,10,2023,0,2023-10-01,0.0,0.0,0.0
0,0,0,1360,640,275,10,2023,0,2023-10-01,0.0,0.0,0.0
0,0,0,1360,641,276,10,2023,0,2023-10-01,0.0,0.0,0.0
0,0,0,1360,642,277,10,2023,0,2023-10-01,0.0,0.0,0.0
0,0,0,1360,643,278,10,2023,0,2023-10-01,0.0,0.0,0.0
0,0,0,1360,644,279,10,2023,0,2023-10-01,0.0,0.0,0.0
0,0,0,1360,645,280,10,2023,0,2023-10-01,0.0,0.0,0.0
0,0,0,1360,646,281,10,2023,0,2023-10-01,0.0,0.0,0.0
0,0,0,1360,647,282,10,2023,0,2023-10-01,0.0,0.0,0.0
0,0,0,1360,648,283,10,2023,0,2023-10-01,0.0,0.0,0.0
0,0,0,1360,649,284,10,2023,0,2023-10-01,0.0,0.0,0.0
0,0,0,1360,650,285,10,2023,0,2023-10-01,0.0,0.0,0.0
0,0,0,1359,651,286,10,2023,0,2023-10-01,0.0,0.0,0.0
0,0,0,1359,652,287,10,2023,0,2023-10-01,0.0,0.0,0.0
0,0,0,1359,653,288,10,2023,0,2023-10-01,0.0,0.0,0.0
0,0,0,1359,654,289,10,2023,0,2023-10-01,0.0,0.0,0.0
0,0,0,1359,655,290,10,2023,0,2023-10-01,0.0,0.0,0.0
0,0,0,1358,656,291,10,2023,0,2023-10-01,0.0,0.0,0.0
0,0,0,1358,657,292,10,2023,0,2023-10-01,0.0,0.0,0.0
0,0,0,1357,658,293,10,2023,0,2023-10-01,0.0,0.0,0.0
0,0,0,1357,659,294,10,2023,0,2023-10-01,0.0,0.0,0.0
0,0,0,1356,660,295,10,2023,0,2023-10-01,0.0,0.0,0.0
0,0,0,1357,661,296,10,2023,0,2023-10-01,0.0,0.0,0.0
0,0,0,1357,662,297,10,2023,0,2023-10-01,0.0,0.0,0.0
0,0,0,1357,663,298,10,2023,0,2023-10-01,0.0,0.0,0.0
0,0,0,1358,664,299,10,2023,0,2023-10-01,0.0,0.0,0.0
0,0,0,1358,665,300,10,2023,0,2023-10-01,0.0,0.0,0.0
0,0,0,1358,666,301,10,2023,0,2023-10-01,0.0,0.0,0.0
0,0,0,1358,667,302,10,2023,0,2023-10-01,0.0,0.0,0.0
0,0,0,1358,668,303,10,2023,0,2023-10-01,0.0,0.0,0.0
0,0,0,1358,669,304,11,2023,0,2023-11-01,0.0,0.0,0.0
0,0,0,1358,670,305,11,2023,0,2023-11-01,0.0,0.0,0.0
0,0,0,1358,671,306,11,2023,0,2023-11-01,0.0,0.0,0.0
0,0,0,1358,672,307,11,2023,0,2023-11-01,0.0,0.0,0.0
0,0,0,1358,673,308,11,2023,0,2023-11-01,0.0,0.0,0.0
0,0,0,1358,674,309,11,2023,0,2023-11-01,0.0,0.0,0.0
0,0,0,1359,675,310,11,2023,0,2023-11-01,0.0,0.0,0.0
0,0,0,1358,676,311,11,2023,0,2023-11-01,0.0,0.0,0.0
0,0,0,1359,677,312,11,2023,0,2023-11-01,0.0,0.0,0.0
0,0,0,1359,678,313,11,2023,0,2023-11-01,0.0,0.0,0.0
0,0,0,1359,679,314,11,2023,0,2023-11-01,0.0,0.0,0.0
0,0,0,1359,680,315,11,2023,0,2023-11-01,0.0,0.0,0.0
0,0,0,1360,681,316,11,2023,0,2023-11-01,0.0,0.0,0.0
0,0,0,1360,682,317,11,2023,0,2023-11-01,0.0,0.0,0.0
0,0,0,1360,683,318,11,2023,0,2023-11-01,0.0,0.0,0.0
0,0,0,1360,684,319,11,2023,0,2023-11-01,0.0,0.0,0.0
0,0,0,1360,685,320,11,2023,0,2023-11-01,0.0,0.0,0.0
0,0,0,1359,686,321,11,2023,0,2023-11-01,0.0,0.0,0.0
0,0,0,1358,687,322,11,2023,0,2023-11-01,0.0,0.0,0.0
0,0,0,1358,688,323,11,2023,0,2023-11-01,0.0,0.0,0.0
0,0,0,1357,689,324,11,2023,0,2023-11-01,0.0,0.0,0.0
0,0,0,1357,690,325,11,2023,0,2023-11-01,0.0,0.0,0.0
0,0,0,1357,691,326,11,2023,0,2023-11-01,0.0,0.0,0.0
0,0,0,1357,692,327,11,2023,0,2023-11-01,0.0,0.0,0.0
0,0,0,1357,693,328,11,2023,0,2023-11-01,0.0,0.0,0.0
0,0,0,1357,694,329,11,2023,0,2023-11-01,0.0,0.0,0.0
0,0,0,1357,695,330,11,2023,0,2023-11-01,0.0,0.0,0.0
0,0,0,1357,696,331,11,2023,0,2023-11-01,0.0,0.0,0.0
0,0,0,1356,697,332,11,2023,0,2023-11-01,0.0,0.0,0.0
0,0,0,1355,698,333,11,2023,0,2023-11-01,0.0,0.0,0.0
0,0,0,1355,699,334,12,2023,0,2023-12-01,0.0,0.0,0.0
0,0,0,1355,700,335,12,2023,0,2023-12-01,0.0,0.0,0.0
0,0,0,1355,701,336,12,2023,0,2023-12-01,0.0,0.0,0.0
0,0,0,1355,702,337,12,2023,0,2023-12-01,0.0,0.0,0.0
0,0,0,1355,703,338,12,2023,0,2023-12-01,0.0,0.0,0.0
0,0,0,1355,704,339,12,2023,0,2023-12-01,0.0,0.0,0.0
0,0,0,1355,705,340,12,2023,0,2023-12-01,0.0,0.0,0.0
0,0,0,1355,706,341,12,2023,0,2023-12-01,0.0,0.0,0.0
0,0,0,1354,707,342,12,2023,0,2023-12-01,0.0,0.0,0.0
0,0,0,1354,708,343,12,2023,0,2023-12-01,0.0,0.0,0.0
0,0,0,1354,709,344,12,2023,0,2023-12-01,0.0,0.0,0.0
0,0,0,1354,710,345,12,2023,0,2023-12-01,0.0,0.0,0.0
0,0,0,1354,711,346,12,2023,0,2023-12-01,0.0,0.0,0.0
0,0,0,1354,712,347,12,2023,0,2023-12-01,0.0,0.0,0.0
0,0,0,1354,713,348,12,2023,0,2023-12-01,0.0,0.0,0.0
0,0,0,1353,714,349,12,2023,0,2023-12-01,0.0,0.0,0.0
0,0,0,1353,715,350,12,2023,0,2023-12-01,0.0,0.0,0.0
0,0,0,1353,716,351,12,2023,0,2023-12-01,0.0,0.0,0.0
0,0,0,1353,717,352,12,2023,0,2023-12-01,0.0,0.0,0.0
0,0,0,1353,718,353,12,2023,0,2023-12-01,0.0,0.0,0.0
0,0,0,1353,719,354,12,2023,0,2023-12-01,0.0,0.0,0.0
0,0,0,1353,720,355,12,2023,0,2023-12-01,0.0,0.0,0.0
0,0,0,1353,721,356,12,2023,0,2023-12-01,0.0,0.0,0.0
0,0,0,1353,722,357,12,2023,0,2023-12-01,0.0,0.0,0.0
0,0,0,1353,723,358,12,2023,0,2023-12-01,0.0,0.0,0.0
0,0,0,1353,724,359,12,2023,0,2023-12-01,0.0,0.0,0.0
0,0,0,1352,725,360,12,2023,0,2023-12-01,0.0,0.0,0.0
0,0,0,1352,726,361,12,2023,0,2023-12-01,0.0,0.0,0.0
0,0,0,1351,727,362,12,2023,0,2023-12-01,0.0,0.0,0.0
0,0,0,1351,728,363,12,2023,0,2023-12-01,0.0,0.0,0.0
0,0,0,1351,729,364,12,2023,0,2023-12-01,0.0,0.0,0.0
0,0,0,1350,730,0,1,2024,0,2024-01-01,0.0,0.0,0.0
0,0,0,1350,731,1,1,2024,0,2024-01-01,0.0,0.0,0.0
0,0,0,1350,732,2,1,2024,0,2024-01-01,0.0,0.0,0.0
0,0,0,1351,733,3,1,2024,0,2024-01-01,0.0,0.0,0.0
0,0,0,1351,734,4,1,2024,0,2024-01-01,0.0,0.0,0.0
0,0,0,1351,735,5,1,2024,0,2024-01-01,0.0,0.0,0.0
0,0,0,1351,736,6,1,2024,0,2024-01-01,0.0,0.0,0.0
0,0,0,1351,737,7,1,2024,0,2024-01-01,0.0,0.0,0.0
0,0,0,1351,738,8,1,2024,0,2024-01-01,0.0,0.0,0.0
0,0,0,1351,739,9,1,2024,0,2024-01-01,0.0,0.0,0.0
0,0,0,1351,740,10,1,2024,0,2024-01-01,0.0,0.0,0.0
0,0,0,1351,741,11,1,2024,0,2024-01-01,0.0,0.0,0.0
0,0,0,1350,742,12,1,2024,0,2024-01-01,0.0,0.0,0.0
0,0,0,1350,743,13,1,2024,0,2024-01-01,0.0,0.0,0.0
0,0,0,1350,744,14,1,2024,0,2024-01-01,0.0,0.0,0.0
0,0,0,1350,745,15,1,2024,0,2024-01-01,0.0,0.0,0.0
0,0,0,1349,746,16,1,2024,0,2024-01-01,0.0,0.0,0.0
0,0,0,1350,747,17,1,2024,0,2024-01-01,0.0,0.0,0.0
0,0,0,1350,748,18,1,2024,0,2024-01-01,0.0,0.0,0.0
0,0,0,1350,749,19,1,2024,0,2024-01-01,0.0,0.0,0.0
0,0,0,1351,750,20,1,2024,0,2024-01-01,0.0,0.0,0.0
0,0,0,1351,751,21,1,2024,0,2024-01-01,0.0,0.0,0.0
0,0,0,1351,752,22,1,2024,0,2024-01-01,0.0,0.0,0.0
0,0,0,1350,753,23,1,2024,0,2024-01-01,0.0,0.0,0.0
0,0,0,1350,754,24,1,2024,0,2024-01-01,0.0,0.0,0.0
0,0,0,1350,755,25,1,2024,0,2024-01-01,0.0,0.0,0.0
0,0,0,1351,756,26,1,2024,0,2024-01-01,0.0,0.0,0.0
0,0,0,1351,757,27,1,2024,0,2024-01-01,0.0,0.0,0.0
0,0,0,1351,758,28,1,2024,0,2024-01-01,0.0,0.0,0.0
0,0,0,1351,759,29,1,2024,0,2024-01-01,0.0,0.0,0.0
0,0,0,1351,760,30,1,2024,0,2024-01-01,0.0,0.0,0.0
0,0,0,1351,761,31,2,2024,0,2024-02-01,0.0,0.0,0.0
0,0,0,1351,762,32,2,2024,0,2024-02-01,0.0,0.0,0.0
0,0,0,1350,763,33,2,2024,0,2024-02-01,0.0,0.0,0.0
0,0,0,1350,764,34,2,2024,0,2024-02-01,0.0,0.0,0.0
0,0,0,1350,765,35,2,2024,0,2024-02-01,0.0,0.0,0.0
0,0,0,1350,766,36,2,2024,0,2024-02-01,0.0,0.0,0.0
0,0,0,1350,767,37,2,2024,0,2024-02-01,0.0,0.0,0.0
0,0,0,1350,768,38,2,2024,0,2024-02-01,0.0,0.0,0.0
0,0,0,1350,769,39,2,2024,0,2024-02-01,0.0,0.0,0.0
0,0,0,1350,770,40,2,2024,0,2024-02-01,0.0,0.0,0.0
0,0,0,1350,771,41,2,2024,0,2024-02-01,0.0,0.0,0.0
0,0,0,1350,772,42,2,2024,0,2024-02-01,0.0,0.0,0.0
0,0,0,1350,773,43,2,2024,0,2024-02-01,0.0,0.0,0.0
0,0,0,1350,774,44,2,2024,0,2024-02-01,0.0,0.0,0.0
0,0,0,1350,775,45,2,2024,0,2024-02-01,0.0,0.0,0.0
0,0,0,1351,776,46,2,2024,0,2024-02-01,0.0,0.0,0.0
0,0,0,1351,777,47,2,2024,0,2024-02-01,0.0,0.0,0.0
0,0,0,1351,778,48,2,2024,0,2024-02-01,0.0,0.0,0.0
0,0,0,1351,779,49,2,2024,0,2024-02-01,0.0,0.0,0.0
0,0,0,1351,780,50,2,2024,0,2024-02-01,0.0,0.0,0.0
0,0,0,1351,781,51,2,2024,0,2024-02-01,0.0,0.0,0.0
0,0,0,1351,782,52,2,2024,0,2024-02-01,0.0,0.0,0.0
0,0,0,1351,783,53,2,2024,0,2024-02-01,0.0,0.0,0.0
0,0,0,1351,784,54,2,2024,0,2024-02-01,0.0,0.0,0.0
0,0,0,1351,785,55,2,2024,0,2024-02-01,0.0,0.0,0.0
0,0,0,1351,786,56,2,2024,0,2024-02-01,0.0,0.0,0.0
0,0,0,1351,787,57,2,2024,0,2024-02-01,0.0,0.0,0.0
0,0,0,1351,788,58,2,2024,0,2024-02-01,0.0,0.0,0.0
0,0,0,1351,789,59,3,2024,0,2024-03-01,0.0,0.0,0.0
0,0,0,1351,790,60,3,2024,0,2024-03-01,0.0,0.0,0.0
0,0,0,1351,791,61,3,2024,0,2024-03-01,0.0,0.0,0.0
0,0,0,1350,792,62,3,2024,0,2024-03-01,0.0,0.0,0.0
0,0,0,1350,793,63,3,2024,0,2024-03-01,0.0,0.0,0.0
0,0,0,1350,794,64,3,2024,0,2024-03-01,0.0,0.0,0.0
0,0,0,1352,795,65,3,2024,0,2024-03-01,0.0,0.0,0.0
0,0,0,1352,796,66,3,2024,0,2024-03-01,0.0,0.0,0.0
0,0,0,1352,797,67,3,2024,0,2024-03-01,0.0,0.0,0.0
0,0,0,1351,798,68,3,2024,0,2024-03-01,0.0,0.0,0.0
0,0,0,1350,799,69,3,2024,0,2024-03-01,0.0,0.0,0.0
0,0,0,1350,800,70,3,2024,0,2024-03-01,0.0,0.0,0.0
0,0,0,1350,801,71,3,2024,0,2024-03-01,0.0,0.0,0.0
0,0,0,1349,802,72,3,2024,0,2024-03-01,0.0,0.0,0.0
0,0,0,1349,803,73,3,2024,0,2024-03-01,0.0,0.0,0.0
0,0,0,1349,804,74,3,2024,0,2024-03-01,0.0,0.0,0.0
0,0,0,1348,805,75,3,2024,0,2024-03-01,0.0,0.0,0.0
0,0,0,1348,806,76,3,2024,0,2024-03-01,0.0,0.0,0.0
0,0,0,1348,807,77,3,2024,0,2024-03-01,0.0,0.0,0.0
0,0,0,1348,808,78,3,2024,0,2024-03-01,0.0,0.0,0.0
0,0,0,1348,809,79,3,2024,0,2024-03-01,0.0,0.0,0.0
0,0,0,1348,810,80,3,2024,0,2024-03-01,0.0,0.0,0.0
0,0,0,1348,811,81,3,2024,0,2024-03-01,0.0,0.0,0.0
0,0,0,1348,812,82,3,2024,0,2024-03-01,0.0,0.0,0.0
0,0,0,1348,813,83,3,2024,0,2024-03-01,0.0,0.0,0.0
0,0,0,1347,814,84,3,2024,0,2024-03-01,0.0,0.0,0.0
0,0,0,1347,815,85,3,2024,0,2024-03-01,0.0,0.0,0.0
0,0,0,1347,816,86,3,2024,0,2024-03-01,0.0,0.0,0.0
0,0,0,1346,817,87,3,2024,0,2024-03-01,0.0,0.0,0.0
0,0,0,1346,818,88,3,2024,0,2024-03-01,0.0,0.0,0.0
0,0,0,1346,819,89,3,2024,0,2024-03-01,0.0,0.0,0.0
0,0,0,1346,820,90,4,2024,0,2024-04-01,0.0,0.0,0.0
0,0,0,1346,821,91,4,2024,0,2024-04-01,0.0,0.0,0.0
0,0,0,1345,822,92,4,2024,0,2024-04-01,0.0,0.0,0.0
0,0,0,1345,823,93,4,2024,0,2024-04-01,0.0,0.0,0.0
0,0,0,1345,824,94,4,2024,0,2024-04-01,0.0,0.0,0.0
0,0,0,1345,825,95,4,2024,0,2024-04-01,0.0,0.0,0.0
0,0,0,1345,826,96,4,2024,0,2024-04-01,0.0,0.0,0.0
0,0,0,1343,827,97,4,2024,0,2024-04-01,0.0,0.0,0.0
0,0,0,1343,828,98,4,2024,0,2024-04-01,0.0,0.0,0.0
0,0,0,1341,829,99,4,2024,0,2024-04-01,0.0,0.0,0.0
0,0,0,1341,830,100,4,2024,0,2024-04-01,0.0,0.0,0.0
0,0,0,1340,831,101,4,2024,0,2024-04-01,0.0,0.0,0.0
0,0,0,1340,832,102,4,2024,0,2024-04-01,0.0,0.0,0.0
0,0,0,1340,833,103,4,2024,0,2024-04-01,0.0,0.0,0.0
0,0,0,1340,834,104,4,2024,0,2024-04-01,0.0,0.0,0.0
0,0,0,1339,835,105,4,2024,0,2024-04-01,0.0,0.0,0.0
0,0,0,1339,836,106,4,2024,0,2024-04-01,0.0,0.0,0.0
0,0,0,1339,837,107,4,2024,0,2024-04-01,0.0,0.0,0.0
0,0,0,1339,838,108,4,2024,0,2024-04-01,0.0,0.0,0.0
0,0,0,1339,839,109,4,2024,0,2024-04-01,0.0,0.0,0.0
0,0,0,1340,840,110,4,2024,0,2024-04-01,0.0,0.0,0.0
0,0,0,1340,841,111,4,2024,0,2024-04-01,0.0,0.0,0.0
0,0,0,1340,842,112,4,2024,0,2024-04-01,0.0,0.0,0.0
0,0,0,1340,843,113,4,2024,0,2024-04-01,0.0,0.0,0.0
0,0,0,1339,844,114,4,2024,0,2024-04-01,0.0,0.0,0.0
0,0,0,1339,845,115,4,2024,0,2024-04-01,0.0,0.0,0.0
0,0,0,1339,846,116,4,2024,0,2024-04-01,0.0,0.0,0.0
0,0,0,1339,847,117,4,2024,0,2024-04-01,0.0,0.0,0.0
0,0,0,1339,848,118,4,2024,0,2024-04-01,0.0,0.0,0.0
0,0,0,1339,849,119,4,2024,0,2024-04-01,0.0,0.0,0.0
0,0,0,1339,850,120,5,2024,0,2024-05-01,0.0,0.0,0.0
0,0,0,1339,851,121,5,2024,0,2024-05-01,0.0,0.0,0.0
0,0,0,1339,852,122,5,2024,0,2024-05-01,0.0,0.0,0.0
0,0,0,1339,853,123,5,2024,0,2024-05-01,0.0,0.0,0.0
0,0,0,1339,854,124,5,2024,0,2024-05-01,0.0,0.0,0.0
0,0,0,1339,855,125,5,2024,0,2024-05-01,0.0,0.0,0.0
0,0,0,1339,856,126,5,2024,0,2024-05-01,0.0,0.0,0.0
0,0,0,1339,857,127,5,2024,0,2024-05-01,0.0,0.0,0.0
0,0,0,1339,858,128,5,2024,0,2024-05-01,0.0,0.0,0.0
0,0,0,1339,859,129,5,2024,0,2024-05-01,0.0,0.0,0.0
0,0,0,1339,860,130,5,2024,0,2024-05-01,0.0,0.0,0.0
0,0,0,1339,861,131,5,2024,0,2024-05-01,0.0,0.0,0.0
0,0,0,1338,862,132,5,2024,0,2024-05-01,0.0,0.0,0.0
0,0,0,1338,863,133,5,2024,0,2024-05-01,0.0,0.0,0.0
0,0,0,1338,864,134,5,2024,0,2024-05-01,0.0,0.0,0.0
0,0,0,1337,865,135,5,2024,0,2024-05-01,0.0,0.0,0.0
0,0,0,1337,866,136,5,2024,0,2024-05-01,0.0,0.0,0.0
0,0,0,1337,867,137,5,2024,0,2024-05-01,0.0,0.0,0.0
0,0,0,1336,868,138,5,2024,0,2024-05-01,0.0,0.0,0.0
0,0,0,1336,869,139,5,2024,0,2024-05-01,0.0,0.0,0.0
0,0,0,1336,870,140,5,2024,0,2024-05-01,0.0,0.0,0.0
0,0,0,1337,871,141,5,2024,0,2024-05-01,0.0,0.0,0.0
0,0,0,1337,872,142,5,2024,0,2024-05-01,0.0,0.0,0.0
0,0,0,1337,873,143,5,2024,0,2024-05-01,0.0,0.0,0.0
0,0,0,1337,874,144,5,2024,0,2024-05-01,0.0,0.0,0.0
0,0,0,1337,875,145,5,2024,0,2024-05-01,0.0,0.0,0.0
0,0,0,1337,876,146,5,2024,0,2024-05-01,0.0,0.0,0.0
0,0,0,1336,877,147,5,2024,0,2024-05-01,0.0,0.0,0.0
0,0,0,1335,878,148,5,2024,0,2024-05-01,0.0,0.0,0.0
0,0,0,1335,879,149,5,2024,0,2024-05-01,0.0,0.0,0.0
0,0,0,1335,880,150,5,2024,0,2024-05-01,0.0,0.0,0.0
0,0,0,1335,881,151,6,2024,0,2024-06-01,0.0,0.0,0.0
0,0,0,1335,882,152,6,2024,0,2024-06-01,0.0,0.0,0.0
0,0,0,1335,883,153,6,2024,0,2024-06-01,0.0,0.0,0.0
0,0,0,1335,884,154,6,2024,0,2024-06-01,0.0,0.0,0.0
0,0,0,1335,885,155,6,2024,0,2024-06-01,0.0,0.0,0.0
0,0,0,1335,886,156,6,2024,0,2024-06-01,0.0,0.0,0.0
0,0,0,1335,887,157,6,2024,0,2024-06-01,0.0,0.0,0.0
0,0,0,1335,888,158,6,2024,0,2024-06-01,0.0,0.0,0.0
0,0,0,1335,889,159,6,2024,0,2024-06-01,0.0,0.0,0.0
0,0,0,1335,890,160,6,2024,0,2024-06-01,0.0,0.0,0.0
0,0,0,1335,891,161,6,2024,0,2024-06-01,0.0,0.0,0.0
0,0,0,1335,892,162,6,2024,0,2024-06-01,0.0,0.0,0.0
0,0,0,1335,893,163,6,2024,0,2024-06-01,0.0,0.0,0.0
0,0,0,1334,894,164,6,2024,0,2024-06-01,0.0,0.0,0.0
0,0,0,1334,895,165,6,2024,0,2024-06-01,0.0,0.0,0.0
0,0,0,1334,896,166,6,2024,0,2024-06-01,0.0,0.0,0.0
0,0,0,1334,897,167,6,2024,0,2024-06-01,0.0,0.0,0.0
0,0,0,1334,898,168,6,2024,0,2024-06-01,0.0,0.0,0.0
0,0,0,1334,899,169,6,2024,0,2024-06-01,0.0,0.0,0.0
0,0,0,1334,900,170,6,2024,0,2024-06-01,0.0,0.0,0.0
0,0,0,1334,901,171,6,2024,0,2024-06-01,0.0,0.0,0.0
0,0,0,1334,902,172,6,2024,0,2024-06-01,0.0,0.0,0.0
0,0,0,1334,903,173,6,2024,0,2024-06-01,0.0,0.0,0.0
0,0,0,1334,904,174,6,2024,0,2024-06-01,0.0,0.0,0.0
0,0,0,1334,905,175,6,2024,0,2024-06-01,0.0,0.0,0.0
0,0,0,1334,906,176,6,2024,0,2024-06-01,0.0,0.0,0.0
0,0,0,1333,907,177,6,2024,0,2024-06-01,0.0,0.0,0.0
0,0,0,1334,908,178,6,2024,0,2024-06-01,0.0,0.0,0.0
0,0,0,1334,909,179,6,2024,0,2024-06-01,0.0,0.0,0.0
0,0,0,1335,910,180,6,2024,0,2024-06-01,0.0,0.0,0.0
0,0,0,1335,911,181,7,2024,0,2024-07-01,0.0,0.0,0.0
0,0,0,1335,912,182,7,2024,0,2024-07-01,0.0,0.0,0.0
0,0,0,1334,913,183,7,2024,0,2024-07-01,0.0,0.0,0.0
0,0,0,1334,914,184,7,2024,0,2024-07-01,0.0,0.0,0.0
0,0,0,1334,915,185,7,2024,0,2024-07-01,0.0,0.0,0.0
0,0,0,1334,916,186,7,2024,0,2024-07-01,0.0,0.0,0.0
0,0,0,1335,917,187,7,2024,0,2024-07-01,0.0,0.0,0.0
0,0,0,1336,918,188,7,2024,0,2024-07-01,0.0,0.0,0.0
0,0,0,1336,919,189,7,2024,0,2024-07-01,0.0,0.0,0.0
0,0,0,1336,920,190,7,2024,0,2024-07-01,0.0,0.0,0.0
0,0,0,1336,921,191,7,2024,0,2024-07-01,0.0,0.0,0.0
0,0,0,1336,922,192,7,2024,0,2024-07-01,0.0,0.0,0.0
0,0,0,1336,923,193,7,2024,0,2024-07-01,0.0,0.0,0.0
0,0,0,1336,924,194,7,2024,0,2024-07-01,0.0,0.0,0.0
0,0,0,1336,925,195,7,2024,0,2024-07-01,0.0,0.0,0.0
0,0,0,1337,926,196,7,2024,0,2024-07-01,0.0,0.0,0.0
0,0,0,1337,927,197,7,2024,0,2024-07-01,0.0,0.0,0.0
0,0,0,1337,928,198,7,2024,0,2024-07-01,0.0,0.0,0.0
0,0,0,1337,929,199,7,2024,0,2024-07-01,0.0,0.0,0.0
0,0,0,1337,930,200,7,2024,0,2024-07-01,0.0,0.0,0.0
0,0,0,1336,931,201,7,2024,0,2024-07-01,0.0,0.0,0.0
0,0,0,1336,932,202,7,2024,0,2024-07-01,0.0,0.0,0.0
0,0,0,1336,933,203,7,2024,0,2024-07-01,0.0,0.0,0.0
0,0,0,1336,934,204,7,2024,0,2024-07-01,0.0,0.0,0.0
0,0,0,1337,935,205,7,2024,0,2024-07-01,0.0,0.0,0.0
0,0,0,1337,936,206,7,2024,0,2024-07-01,0.0,0.0,0.0
0,0,0,1337,937,207,7,2024,0,2024-07-01,0.0,0.0,0.0
0,0,0,1337,938,208,7,2024,0,2024-07-01,0.0,0.0,0.0
0,0,0,1337,939,209,7,2024,0,2024-07-01,0.0,0.0,0.0
0,0,0,1336,940,210,7,2024,0,2024-07-01,0.0,0.0,0.0
0,0,0,1337,941,211,7,2024,0,2024-07-01,0.0,0.0,0.0
0,0,0,1337,942,212,8,2024,0,2024-08-01,0.0,0.0,0.0
0,0,0,1337,943,213,8,2024,0,2024-08-01,0.0,0.0,0.0
0,0,0,1338,944,214,8,2024,0,2024-08-01,0.0,0.0,0.0
0,0,0,1338,945,215,8,2024,0,2024-08-01,0.0,0.0,0.0
0,0,0,1338,946,216,8,2024,0,2024-08-01,0.0,0.0,0.0
0,0,0,1338,947,217,8,2024,0,2024-08-01,0.0,0.0,0.0
0,0,0,1338,948,218,8,2024,0,2024-08-01,0.0,0.0,0.0
0,0,0,1338,949,219,8,2024,0,2024-08-01,0.0,0.0,0.0
0,0,0,1340,950,220,8,2024,0,2024-08-01,0.0,0.0,0.0
0,0,0,1340,951,221,8,2024,0,2024-08-01,0.0,0.0,0.0
0,0,0,1340,952,222,8,2024,0,2024-08-01,0.0,0.0,0.0
0,0,0,1340,953,223,8,2024,0,2024-08-01,0.0,0.0,0.0
0,0,0,1340,954,224,8,2024,0,2024-08-01,0.0,0.0,0.0
0,0,0,1341,955,225,8,2024,0,2024-08-01,0.0,0.0,0.0
0,0,0,1341,956,226,8,2024,0,2024-08-01,0.0,0.0,0.0
0,0,0,1341,957,227,8,2024,0,2024-08-01,0.0,0.0,0.0
0,0,0,1341,958,228,8,2024,0,2024-08-01,0.0,0.0,0.0
0,0,0,1341,959,229,8,2024,0,2024-08-01,0.0,0.0,0.0
0,0,0,1341,960,230,8,2024,0,2024-08-01,0.0,0.0,0.0
0,0,0,1341,961,231,8,2024,0,2024-08-01,0.0,0.0,0.0
0,0,0,1340,962,232,8,2024,0,2024-08-01,0.0,0.0,0.0
0,0,0,1340,963,233,8,2024,0,2024-08-01,0.0,0.0,0.0
0,0,0,1340,964,234,8,2024,0,2024-08-01,0.0,0.0,0.0
0,0,0,1340,965,235,8,2024,0,2024-08-01,0.0,0.0,0.0
0,0,0,1340,966,236,8,2024,0,2024-08-01,0.0,0.0,0.0
0,0,0,1340,967,237,8,2024,0,2024-08-01,0.0,0.0,0.0
0,0,0,1340,968,238,8,2024,0,2024-08-01,0.0,0.0,0.0
0,0,0,1340,969,239,8,2024,0,2024-08-01,0.0,0.0,0.0
0,0,0,1340,970,240,8,2024,0,2024-08-01,0.0,0.0,0.0
0,0,0,1340,971,241,8,2024,0,2024-08-01,0.0,0.0,0.0
0,0,0,1340,972,242,8,2024,0,2024-08-01,0.0,0.0,0.0
0,0,0,1340,973,243,9,2024,0,2024-09-01,0.0,0.0,0.0
0,0,0,1340,974,244,9,2024,0,2024-09-01,0.0,0.0,0.0
0,0,0,1340,975,245,9,2024,0,2024-09-01,0.0,0.0,0.0
0,0,0,1341,976,246,9,2024,0,2024-09-01,0.0,0.0,0.0
0,0,0,1341,977,247,9,2024,0,2024-09-01,0.0,0.0,0.0
0,0,0,1341,978,248,9,2024,0,2024-09-01,0.0,0.0,0.0
0,0,0,1342,979,249,9,2024,0,2024-09-01,0.0,0.0,0.0
0,0,0,1342,980,250,9,2024,0,2024-09-01,0.0,0.0,0.0
0,0,0,1343,981,251,9,2024,0,2024-09-01,0.0,0.0,0.0
0,0,0,1344,982,252,9,2024,0,2024-09-01,0.0,0.0,0.0
0,0,0,1344,983,253,9,2024,0,2024-09-01,0.0,0.0,0.0
0,0,0,1344,984,254,9,2024,0,2024-09-01,0.0,0.0,0.0
0,0,0,1344,985,255,9,2024,0,2024-09-01,0.0,0.0,0.0
0,0,0,1344,986,256,9,2024,0,2024-09-01,0.0,0.0,0.0
0,0,0,1344,987,257,9,2024,0,2024-09-01,0.0,0.0,0.0
0,0,0,1344,988,258,9,2024,0,2024-09-01,0.0,0.0,0.0
0,0,0,1344,989,259,9,2024,0,2024-09-01,0.0,0.0,0.0
0,0,0,1344,990,260,9,2024,0,2024-09-01,0.0,0.0,0.0
0,0,0,1344,991,261,9,2024,0,2024-09-01,0.0,0.0,0.0
0,0,0,1344,992,262,9,2024,0,2024-09-01,0.0,0.0,0.0
0,0,0,1344,993,263,9,2024,0,2024-09-01,0.0,0.0,0.0
0,0,0,1344,994,264,9,2024,0,2024-09-01,0.0,0.0,0.0
0,0,0,1344,995,265,9,2024,0,2024-09-01,0.0,0.0,0.0
0,0,0,1344,996,266,9,2024,0,2024-09-01,0.0,0.0,0.0
0,0,0,1344,997,267,9,2024,0,2024-09-01,0.0,0.0,0.0
0,0,0,1344,998,268,9,2024,0,2024-09-01,0.0,0.0,0.0
0,0,0,1344,999,269,9,2024,0,2024-09-01,0.0,0.0,0.0
0,0,0,1344,1000,270,9,2024,0,2024-09-01,0.0,0.0,0.0
0,0,0,1344,1001,271,9,2024,0,2024-09-01,0.0,0.0,0.0
0,0,0,1344,1002,272,9,2024,0,2024-09-01,0.0,0.0,0.0
0,0,0,1344,1003,273,10,2024,0,2024-10-01,0.0,0.0,0.0
0,0,0,1344,1004,274,10,2024,0,2024-10-01,0.0,0.0,0.0
0,0,0,1344,1005,275,10,2024,0,2024-10-01,0.0,0.0,0.0
0,0,0,1344,1006,276,10,2024,0,2024-10-01,0.0,0.0,0.0
0,0,0,1344,1007,277,10,2024,0,2024-10-01,0.0,0.0,0.0
0,0,0,1344,1008,278,10,2024,0,2024-10-01,0.0,0.0,0.0
0,0,0,1343,1009,279,10,2024,0,2024-10-01,0.0,0.0,0.0
0,0,0,1343,1010,280,10,2024,0,2024-10-01,0.0,0.0,0.0
0,0,0,1343,1011,281,10,2024,0,2024-10-01,0.0,0.0,0.0
0,0,0,1343,1012,282,10,2024,0,2024-10-01,0.0,0.0,0.0
0,0,0,1343,1013,283,10,2024,0,2024-10-01,0.0,0.0,0.0
0,0,0,1343,1014,284,10,2024,0,2024-10-01,0.0,0.0,0.0
0,0,0,1343,1015,285,10,2024,0,2024-10-01,0.0,0.0,0.0
0,0,0,1343,1016,286,10,2024,0,2024-10-01,0.0,0.0,0.0
0,0,0,1344,1017,287,10,2024,0,2024-10-01,0.0,0.0,0.0
0,0,0,1342,1018,288,10,2024,0,2024-10-01,0.0,0.0,0.0
0,0,0,1341,1019,289,10,2024,0,2024-10-01,0.0,0.0,0.0
0,0,0,1341,1020,290,10,2024,0,2024-10-01,0.0,0.0,0.0
0,0,0,1341,1021,291,10,2024,0,2024-10-01,0.0,0.0,0.0
0,0,0,1341,1022,292,10,2024,0,2024-10-01,0.0,0.0,0.0
0,0,0,1341,1023,293,10,2024,0,2024-10-01,0.0,0.0,0.0
0,0,0,1341,1024,294,10,2024,0,2024-10-01,0.0,0.0,0.0
0,0,0,1341,1025,295,10,2024,0,2024-10-01,0.0,0.0,0.0
0,0,0,1341,1026,296,10,2024,0,2024-10-01,0.0,0.0,0.0
0,0,0,1341,1027,297,10,2024,0,2024-10-01,0.0,0.0,0.0
0,0,0,1341,1028,298,10,2024,0,2024-10-01,0.0,0.0,0.0
0,0,0,1340,1029,299,10,2024,0,2024-10-01,0.0,0.0,0.0
0,0,0,1340,1030,300,10,2024,0,2024-10-01,0.0,0.0,0.0
0,0,0,1340,1031,301,10,2024,0,2024-10-01,0.0,0.0,0.0
0,0,0,1338,1032,302,10,2024,0,2024-10-01,0.0,0.0,0.0
0,0,0,1338,1033,303,10,2024,0,2024-10-01,0.0,0.0,0.0
0,0,0,1338,1034,304,11,2024,0,2024-11-01,0.0,0.0,0.0
0,0,0,1338,1035,305,11,2024,0,2024-11-01,0.0,0.0,0.0
0,0,0,1337,1036,306,11,2024,0,2024-11-01,0.0,0.0,0.0
0,0,0,1337,1037,307,11,2024,0,2024-11-01,0.0,0.0,0.0
0,0,0,1337,1038,308,11,2024,0,2024-11-01,0.0,0.0,0.0
0,0,0,1337,1039,309,11,2024,0,2024-11-01,0.0,0.0,0.0
0,0,0,1337,1040,310,11,2024,0,2024-11-01,0.0,0.0,0.0
0,0,0,1337,1041,311,11,2024,0,2024-11-01,0.0,0.0,0.0
0,0,0,1336,1042,312,11,2024,0,2024-11-01,0.0,0.0,0.0
0,0,0,1336,1043,313,11,2024,0,2024-11-01,0.0,0.0,0.0
0,0,0,1336,1044,314,11,2024,0,2024-11-01,0.0,0.0,0.0
0,0,0,1336,1045,315,11,2024,0,2024-11-01,0.0,0.0,0.0
0,0,0,1336,1046,316,11,2024,0,2024-11-01,0.0,0.0,0.0
0,0,0,1335,1047,317,11,2024,0,2024-11-01,0.0,0.0,0.0
0,0,0,1335,1048,318,11,2024,0,2024-11-01,0.0,0.0,0.0
0,0,0,1335,1049,319,11,2024,0,2024-11-01,0.0,0.0,0.0
0,0,0,1335,1050,320,11,2024,0,2024-11-01,0.0,0.0,0.0
0,0,0,1336,1051,321,11,2024,0,2024-11-01,0.0,0.0,0.0
0,0,0,1336,1052,322,11,2024,0,2024-11-01,0.0,0.0,0.0
0,0,0,1336,1053,323,11,2024,0,2024-11-01,0.0,0.0,0.0
0,0,0,1336,1054,324,11,2024,0,2024-11-01,0.0,0.0,0.0
0,0,0,1336,1055,325,11,2024,0,2024-11-01,0.0,0.0,0.0
0,0,0,1336,1056,326,11,2024,0,2024-11-01,0.0,0.0,0.0
0,0,0,1335,1057,327,11,2024,0,2024-11-01,0.0,0.0,0.0
0,0,0,1335,1058,328,11,2024,0,2024-11-01,0.0,0.0,0.0
0,0,0,1335,1059,329,11,2024,0,2024-11-01,0.0,0.0,0.0
0,0,0,1335,1060,330,11,2024,0,2024-11-01,0.0,0.0,0.0
0,0,0,1335,1061,331,11,2024,0,2024-11-01,0.0,0.0,0.0
0,0,0,1335,1062,332,11,2024,0,2024-11-01,0.0,0.0,0.0
0,0,0,1335,1063,333,11,2024,0,2024-11-01,0.0,0.0,0.0
0,0,0,1335,1064,334,12,2024,0,2024-12-01,0.0,0.0,0.0
0,0,0,1335,1065,335,12,2024,0,2024-12-01,0.0,0.0,0.0
0,0,0,1335,1066,336,12,2024,0,2024-12-01,0.0,0.0,0.0
0,0,0,1335,1067,337,12,2024,0,2024-12-01,0.0,0.0,0.0
0,0,0,1335,1068,338,12,2024,0,2024-12-01,0.0,0.0,0.0
0,0,0,1335,1069,339,12,2024,0,2024-12-01,0.0,0.0,0.0
0,0,0,1335,1070,340,12,2024,0,2024-12-01,0.0,0.0,0.0
0,0,0,1335,1071,341,12,2024,0,2024-12-01,0.0,0.0,0.0
0,0,0,1335,1072,342,12,2024,0,2024-12-01,0.0,0.0,0.0
0,0,0,1334,1073,343,12,2024,0,2024-12-01,0.0,0.0,0.0
0,0,0,1334,1074,344,12,2024,0,2024-12-01,0.0,0.0,0.0
0,0,0,1334,1075,345,12,2024,0,2024-12-01,0.0,0.0,0.0
0,0,0,1334,1076,346,12,2024,0,2024-12-01,0.0,0.0,0.0
0,0,0,1334,1077,347,12,2024,0,2024-12-01,0.0,0.0,0.0
0,0,0,1334,1078,348,12,2024,0,2024-12-01,0.0,0.0,0.0
0,0,0,1334,1079,349,12,2024,0,2024-12-01,0.0,0.0,0.0
0,0,0,1333,1080,350,12,2024,0,2024-12-01,0.0,0.0,0.0
0,0,0,1333,1081,351,12,2024,0,2024-12-01,0.0,0.0,0.0
0,0,0,1333,1082,352,12,2024,0,2024-12-01,0.0,0.0,0.0
0,0,0,1333,1083,353,12,2024,0,2024-12-01,0.0,0.0,0.0
0,0,0,1333,1084,354,12,2024,0,2024-12-01,0.0,0.0,0.0
0,0,0,1333,1085,355,12,2024,0,2024-12-01,0.0,0.0,0.0
0,0,0,1333,1086,356,12,2024,0,2024-12-01,0.0,0.0,0.0
0,0,0,1333,1087,357,12,2024,0,2024-12-01,0.0,0.0,0.0
0,0,0,1333,1088,358,12,2024,0,2024-12-01,0.0,0.0,0.0
0,0,0,1333,1089,359,12,2024,0,2024-12-01,0.0,0.0,0.0
0,0,0,1333,1090,360,12,2024,0,2024-12-01,0.0,0.0,0.0
0,0,0,1333,1091,361,12,2024,0,2024-12-01,0.0,0.0,0.0
0,0,0,1333,1092,362,12,2024,0,2024-12-01,0.0,0.0,0.0
0,0,0,1333,1093,363,12,2024,0,2024-12-01,0.0,0.0,0.0
0,0,0,1333,1094,364,12,2024,0,2024-12-01,0.0,0.0,0.0
