Received_Treatment,Received_ITN,Received_SMC,Received_Vaccine,Population,Time,Day,Month,Year,Run_Number,date,Treatment_Coverage,ITN_Coverage,SMC_Coverage,Vaccine_Coverage
0,0,0,0,1400,0,0,1,2022,0,2022-01-01,0.0,0.0,0.0,0.0
0,0,0,0,1400,1,1,1,2022,0,2022-01-01,0.0,0.0,0.0,0.0
0,0,0,0,1400,2,2,1,2022,0,2022-01-01,0.0,0.0,0.0,0.0
0,0,0,0,1400,3,3,1,2022,0,2022-01-01,0.0,0.0,0.0,0.0
0,0,0,0,1400,4,4,1,2022,0,2022-01-01,0.0,0.0,0.0,0.0
0,0,0,0,1400,5,5,1,2022,0,2022-01-01,0.0,0.0,0.0,0.0
0,0,0,0,1400,6,6,1,2022,0,2022-01-01,0.0,0.0,0.0,0.0
0,0,0,0,1400,7,7,1,2022,0,2022-01-01,0.0,0.0,0.0,0.0
0,0,0,0,1400,8,8,1,2022,0,2022-01-01,0.0,0.0,0.0,0.0
0,0,0,0,1400,9,9,1,2022,0,2022-01-01,0.0,0.0,0.0,0.0
0,0,0,0,1400,10,10,1,2022,0,2022-01-01,0.0,0.0,0.0,0.0
0,0,0,0,1401,11,11,1,2022,0,2022-01-01,0.0,0.0,0.0,0.0
0,0,0,0,1402,12,12,1,2022,0,2022-01-01,0.0,0.0,0.0,0.0
0,0,0,0,1402,13,13,1,2022,0,2022-01-01,0.0,0.0,0.0,0.0
0,0,0,0,1403,14,14,1,2022,0,2022-01-01,0.0,0.0,0.0,0.0
0,0,0,0,1403,15,15,1,2022,0,2022-01-01,0.0,0.0,0.0,0.0
0,0,0,0,1403,16,16,1,2022,0,2022-01-01,0.0,0.0,0.0,0.0
0,0,0,0,1404,17,17,1,2022,0,2022-01-01,0.0,0.0,0.0,0.0
0,0,0,0,1404,18,18,1,2022,0,2022-01-01,0.0,0.0,0.0,0.0
0,0,0,0,1404,19,19,1,2022,0,2022-01-01,0.0,0.0,0.0,0.0
0,0,0,0,1404,20,20,1,2022,0,2022-01-01,0.0,0.0,0.0,0.0
0,0,0,0,1404,21,21,1,2022,0,2022-01-01,0.0,0.0,0.0,0.0
0,0,0,0,1404,22,22,1,2022,0,2022-01-01,0.0,0.0,0.0,0.0
0,0,0,0,1404,23,23,1,2022,0,2022-01-01,0.0,0.0,0.0,0.0
0,0,0,0,1404,24,24,1,2022,0,2022-01-01,0.0,0.0,0.0,0.0
0,0,0,0,1405,25,25,1,2022,0,2022-01-01,0.0,0.0,0.0,0.0
0,0,0,0,1405,26,26,1,2022,0,2022-01-01,0.0,0.0,0.0,0.0
0,0,0,0,1405,27,27,1,2022,0,2022-01-01,0.0,0.0,0.0,0.0
0,0,0,0,1405,28,28,1,2022,0,2022-01-01,0.0,0.0,0.0,0.0
0,0,0,0,1405,29,29,1,2022,0,2022-01-01,0.0,0.0,0.0,0.0
0,0,0,0,1404,30,30,1,2022,0,2022-01-01,0.0,0.0,0.0,0.0
0,0,0,0,1404,31,31,2,2022,0,2022-02-01,0.0,0.0,0.0,0.0
0,0,0,0,1404,32,32,2,2022,0,2022-02-01,0.0,0.0,0.0,0.0
0,0,0,0,1403,33,33,2,2022,0,2022-02-01,0.0,0.0,0.0,0.0
0,0,0,0,1403,34,34,2,2022,0,2022-02-01,0.0,0.0,0.0,0.0
0,0,0,0,1403,35,35,2,2022,0,2022-02-01,0.0,0.0,0.0,0.0
0,0,0,0,1403,36,36,2,2022,0,2022-02-01,0.0,0.0,0.0,0.0
0,0,0,0,1403,37,37,2,2022,0,2022-02-01,0.0,0.0,0.0,0.0
0,0,0,0,1403,38,38,2,2022,0,2022-02-01,0.0,0.0,0.0,0.0
0,0,0,0,1403,39,39,2,2022,0,2022-02-01,0.0,0.0,0.0,0.0
0,0,0,0,1403,40,40,2,2022,0,2022-02-01,0.0,0.0,0.0,0.0
0,0,0,0,1402,41,41,2,2022,0,2022-02-01,0.0,0.0,0.0,0.0
0,0,0,0,1402,42,42,2,2022,0,2022-02-01,0.0,0.0,0.0,0.0
0,0,0,0,1402,43,43,2,2022,0,2022-02-01,0.0,0.0,0.0,0.0
0,0,0,0,1402,44,44,2,2022,0,2022-02-01,0.0,0.0,0.0,0.0
0,0,0,0,1402,45,45,2,2022,0,2022-02-01,0.0,0.0,0.0,0.0
0,0,0,0,1402,46,46,2,2022,0,2022-02-01,0.0,0.0,0.0,0.0
0,0,0,0,1402,47,47,2,2022,0,2022-02-01,0.0,0.0,0.0,0.0
0,0,0,0,1402,48,48,2,2022,0,2022-02-01,0.0,0.0,0.0,0.0
0,0,0,0,1403,49,49,2,2022,0,2022-02-01,0.0,0.0,0.0,0.0
0,0,0,0,1403,50,50,2,2022,0,2022-02-01,0.0,0.0,0.0,0.0
0,0,0,0,1403,51,51,2,2022,0,2022-02-01,0.0,0.0,0.0,0.0
0,0,0,0,1403,52,52,2,2022,0,2022-02-01,0.0,0.0,0.0,0.0
0,0,0,0,1403,53,53,2,2022,0,2022-02-01,0.0,0.0,0.0,0.0
0,0,0,0,1403,54,54,2,2022,0,2022-02-01,0.0,0.0,0.0,0.0
0,0,0,0,1403,55,55,2,2022,0,2022-02-01,0.0,0.0,0.0,0.0
0,0,0,0,1404,56,56,2,2022,0,2022-02-01,0.0,0.0,0.0,0.0
0,0,0,0,1404,57,57,2,2022,0,2022-02-01,0.0,0.0,0.0,0.0
0,0,0,0,1405,58,58,2,2022,0,2022-02-01,0.0,0.0,0.0,0.0
0,0,0,0,1405,59,59,3,2022,0,2022-03-01,0.0,0.0,0.0,0.0
0,0,0,0,1404,60,60,3,2022,0,2022-03-01,0.0,0.0,0.0,0.0
0,0,0,0,1403,61,61,3,2022,0,2022-03-01,0.0,0.0,0.0,0.0
0,0,0,0,1403,62,62,3,2022,0,2022-03-01,0.0,0.0,0.0,0.0
0,0,0,0,1402,63,63,3,2022,0,2022-03-01,0.0,0.0,0.0,0.0
0,0,0,0,1402,64,64,3,2022,0,2022-03-01,0.0,0.0,0.0,0.0
0,0,0,0,1402,65,65,3,2022,0,2022-03-01,0.0,0.0,0.0,0.0
0,0,0,0,1402,66,66,3,2022,0,2022-03-01,0.0,0.0,0.0,0.0
0,0,0,0,1402,67,67,3,2022,0,2022-03-01,0.0,0.0,0.0,0.0
0,0,0,0,1402,68,68,3,2022,0,2022-03-01,0.0,0.0,0.0,0.0
0,0,0,0,1402,69,69,3,2022,0,2022-03-01,0.0,0.0,0.0,0.0
0,0,0,0,1402,70,70,3,2022,0,2022-03-01,0.0,0.0,0.0,0.0
0,0,0,0,1402,71,71,3,2022,0,2022-03-01,0.0,0.0,0.0,0.0
0,0,0,0,1402,72,72,3,2022,0,2022-03-01,0.0,0.0,0.0,0.0
0,0,0,0,1402,73,73,3,2022,0,2022-03-01,0.0,0.0,0.0,0.0
0,0,0,0,1402,74,74,3,2022,0,2022-03-01,0.0,0.0,0.0,0.0
0,0,0,0,1401,75,75,3,2022,0,2022-03-01,0.0,0.0,0.0,0.0
0,0,0,0,1401,76,76,3,2022,0,2022-03-01,0.0,0.0,0.0,0.0
0,0,0,0,1401,77,77,3,2022,0,2022-03-01,0.0,0.0,0.0,0.0
0,0,0,0,1401,78,78,3,2022,0,2022-03-01,0.0,0.0,0.0,0.0
0,0,0,0,1401,79,79,3,2022,0,2022-03-01,0.0,0.0,0.0,0.0
0,0,0,0,1401,80,80,3,2022,0,2022-03-01,0.0,0.0,0.0,0.0
0,0,0,0,1401,81,81,3,2022,0,2022-03-01,0.0,0.0,0.0,0.0
0,0,0,0,1401,82,82,3,2022,0,2022-03-01,0.0,0.0,0.0,0.0
0,0,0,0,1401,83,83,3,2022,0,2022-03-01,0.0,0.0,0.0,0.0
0,0,0,0,1400,84,84,3,2022,0,2022-03-01,0.0,0.0,0.0,0.0
0,0,0,0,1400,85,85,3,2022,0,2022-03-01,0.0,0.0,0.0,0.0
0,0,0,0,1400,86,86,3,2022,0,2022-03-01,0.0,0.0,0.0,0.0
0,0,0,0,1400,87,87,3,2022,0,2022-03-01,0.0,0.0,0.0,0.0
0,0,0,0,1400,88,88,3,2022,0,2022-03-01,0.0,0.0,0.0,0.0
0,0,0,0,1401,89,89,3,2022,0,2022-03-01,0.0,0.0,0.0,0.0
0,0,0,0,1401,90,90,4,2022,0,2022-04-01,0.0,0.0,0.0,0.0
0,0,0,0,1401,91,91,4,2022,0,2022-04-01,0.0,0.0,0.0,0.0
0,0,0,0,1401,92,92,4,2022,0,2022-04-01,0.0,0.0,0.0,0.0
0,0,0,0,1401,93,93,4,2022,0,2022-04-01,0.0,0.0,0.0,0.0
0,0,0,0,1401,94,94,4,2022,0,2022-04-01,0.0,0.0,0.0,0.0
0,0,0,0,1402,95,95,4,2022,0,2022-04-01,0.0,0.0,0.0,0.0
0,0,0,0,1402,96,96,4,2022,0,2022-04-01,0.0,0.0,0.0,0.0
0,0,0,0,1402,97,97,4,2022,0,2022-04-01,0.0,0.0,0.0,0.0
0,0,0,0,1402,98,98,4,2022,0,2022-04-01,0.0,0.0,0.0,0.0
0,0,0,0,1402,99,99,4,2022,0,2022-04-01,0.0,0.0,0.0,0.0
0,0,0,0,1402,100,100,4,2022,0,2022-04-01,0.0,0.0,0.0,0.0
0,0,0,0,1401,101,101,4,2022,0,2022-04-01,0.0,0.0,0.0,0.0
0,0,0,0,1402,102,102,4,2022,0,2022-04-01,0.0,0.0,0.0,0.0
0,0,0,0,1402,103,103,4,2022,0,2022-04-01,0.0,0.0,0.0,0.0
0,0,0,0,1402,104,104,4,2022,0,2022-04-01,0.0,0.0,0.0,0.0
0,0,0,0,1402,105,105,4,2022,0,2022-04-01,0.0,0.0,0.0,0.0
0,0,0,0,1402,106,106,4,2022,0,2022-04-01,0.0,0.0,0.0,0.0
0,0,0,0,1402,107,107,4,2022,0,2022-04-01,0.0,0.0,0.0,0.0
0,0,0,0,1402,108,108,4,2022,0,2022-04-01,0.0,0.0,0.0,0.0
0,0,0,0,1402,109,109,4,2022,0,2022-04-01,0.0,0.0,0.0,0.0
0,0,0,0,1402,110,110,4,2022,0,2022-04-01,0.0,0.0,0.0,0.0
0,0,0,0,1402,111,111,4,2022,0,2022-04-01,0.0,0.0,0.0,0.0
0,0,0,0,1402,112,112,4,2022,0,2022-04-01,0.0,0.0,0.0,0.0
0,0,0,0,1401,113,113,4,2022,0,2022-04-01,0.0,0.0,0.0,0.0
0,0,0,0,1400,114,114,4,2022,0,2022-04-01,0.0,0.0,0.0,0.0
0,0,0,0,1401,115,115,4,2022,0,2022-04-01,0.0,0.0,0.0,0.0
0,0,0,0,1401,116,116,4,2022,0,2022-04-01,0.0,0.0,0.0,0.0
0,0,0,0,1402,117,117,4,2022,0,2022-04-01,0.0,0.0,0.0,0.0
0,0,0,0,1403,118,118,4,2022,0,2022-04-01,0.0,0.0,0.0,0.0
0,0,0,0,1403,119,119,4,2022,0,2022-04-01,0.0,0.0,0.0,0.0
0,0,0,0,1403,120,120,5,2022,0,2022-05-01,0.0,0.0,0.0,0.0
0,0,0,0,1403,121,121,5,2022,0,2022-05-01,0.0,0.0,0.0,0.0
0,0,0,0,1403,122,122,5,2022,0,2022-05-01,0.0,0.0,0.0,0.0
0,0,0,0,1403,123,123,5,2022,0,2022-05-01,0.0,0.0,0.0,0.0
0,0,0,0,1402,124,124,5,2022,0,2022-05-01,0.0,0.0,0.0,0.0
0,0,0,0,1402,125,125,5,2022,0,2022-05-01,0.0,0.0,0.0,0.0
0,0,0,0,1402,126,126,5,2022,0,2022-05-01,0.0,0.0,0.0,0.0
0,0,0,0,1401,127,127,5,2022,0,2022-05-01,0.0,0.0,0.0,0.0
0,0,0,0,1401,128,128,5,2022,0,2022-05-01,0.0,0.0,0.0,0.0
0,0,0,0,1401,129,129,5,2022,0,2022-05-01,0.0,0.0,0.0,0.0
0,0,0,0,1401,130,130,5,2022,0,2022-05-01,0.0,0.0,0.0,0.0
0,0,0,0,1401,131,131,5,2022,0,2022-05-01,0.0,0.0,0.0,0.0
0,0,0,0,1401,132,132,5,2022,0,2022-05-01,0.0,0.0,0.0,0.0
0,0,0,0,1401,133,133,5,2022,0,2022-05-01,0.0,0.0,0.0,0.0
0,0,0,0,1401,134,134,5,2022,0,2022-05-01,0.0,0.0,0.0,0.0
0,0,0,0,1401,135,135,5,2022,0,2022-05-01,0.0,0.0,0.0,0.0
0,0,0,0,1401,136,136,5,2022,0,2022-05-01,0.0,0.0,0.0,0.0
0,0,0,0,1401,137,137,5,2022,0,2022-05-01,0.0,0.0,0.0,0.0
0,0,0,0,1401,138,138,5,2022,0,2022-05-01,0.0,0.0,0.0,0.0
0,0,0,0,1401,139,139,5,2022,0,2022-05-01,0.0,0.0,0.0,0.0
0,0,0,0,1401,140,140,5,2022,0,2022-05-01,0.0,0.0,0.0,0.0
0,0,0,0,1400,141,141,5,2022,0,2022-05-01,0.0,0.0,0.0,0.0
0,0,0,0,1400,142,142,5,2022,0,2022-05-01,0.0,0.0,0.0,0.0
0,0,0,0,1400,143,143,5,2022,0,2022-05-01,0.0,0.0,0.0,0.0
0,0,0,0,1400,144,144,5,2022,0,2022-05-01,0.0,0.0,0.0,0.0
0,0,0,0,1400,145,145,5,2022,0,2022-05-01,0.0,0.0,0.0,0.0
0,0,0,0,1400,146,146,5,2022,0,2022-05-01,0.0,0.0,0.0,0.0
0,0,0,0,1401,147,147,5,2022,0,2022-05-01,0.0,0.0,0.0,0.0
0,0,0,0,1401,148,148,5,2022,0,2022-05-01,0.0,0.0,0.0,0.0
0,0,0,0,1401,149,149,5,2022,0,2022-05-01,0.0,0.0,0.0,0.0
0,0,0,0,1401,150,150,5,2022,0,2022-05-01,0.0,0.0,0.0,0.0
0,0,0,0,1401,151,151,6,2022,0,2022-06-01,0.0,0.0,0.0,0.0
0,0,0,0,1401,152,152,6,2022,0,2022-06-01,0.0,0.0,0.0,0.0
0,0,0,0,1401,153,153,6,2022,0,2022-06-01,0.0,0.0,0.0,0.0
0,0,0,0,1402,154,154,6,2022,0,2022-06-01,0.0,0.0,0.0,0.0
0,0,0,0,1402,155,155,6,2022,0,2022-06-01,0.0,0.0,0.0,0.0
0,0,0,0,1402,156,156,6,2022,0,2022-06-01,0.0,0.0,0.0,0.0
0,0,0,0,1402,157,157,6,2022,0,2022-06-01,0.0,0.0,0.0,0.0
0,0,0,0,1402,158,158,6,2022,0,2022-06-01,0.0,0.0,0.0,0.0
0,0,0,0,1402,159,159,6,2022,0,2022-06-01,0.0,0.0,0.0,0.0
0,0,0,0,1402,160,160,6,2022,0,2022-06-01,0.0,0.0,0.0,0.0
0,0,0,0,1402,161,161,6,2022,0,2022-06-01,0.0,0.0,0.0,0.0
0,0,0,0,1402,162,162,6,2022,0,2022-06-01,0.0,0.0,0.0,0.0
0,0,0,0,1403,163,163,6,2022,0,2022-06-01,0.0,0.0,0.0,0.0
0,0,0,0,1403,164,164,6,2022,0,2022-06-01,0.0,0.0,0.0,0.0
0,0,0,0,1403,165,165,6,2022,0,2022-06-01,0.0,0.0,0.0,0.0
0,0,0,0,1403,166,166,6,2022,0,2022-06-01,0.0,0.0,0.0,0.0
0,0,0,0,1403,167,167,6,2022,0,2022-06-01,0.0,0.0,0.0,0.0
0,0,0,0,1403,168,168,6,2022,0,2022-06-01,0.0,0.0,0.0,0.0
0,0,0,0,1403,169,169,6,2022,0,2022-06-01,0.0,0.0,0.0,0.0
0,0,0,0,1403,170,170,6,2022,0,2022-06-01,0.0,0.0,0.0,0.0
0,0,0,0,1402,171,171,6,2022,0,2022-06-01,0.0,0.0,0.0,0.0
0,0,0,0,1402,172,172,6,2022,0,2022-06-01,0.0,0.0,0.0,0.0
0,0,0,0,1402,173,173,6,2022,0,2022-06-01,0.0,0.0,0.0,0.0
0,0,0,0,1402,174,174,6,2022,0,2022-06-01,0.0,0.0,0.0,0.0
0,0,0,0,1402,175,175,6,2022,0,2022-06-01,0.0,0.0,0.0,0.0
0,0,0,0,1401,176,176,6,2022,0,2022-06-01,0.0,0.0,0.0,0.0
0,0,0,0,1401,177,177,6,2022,0,2022-06-01,0.0,0.0,0.0,0.0
0,0,0,0,1401,178,178,6,2022,0,2022-06-01,0.0,0.0,0.0,0.0
0,0,0,0,1401,179,179,6,2022,0,2022-06-01,0.0,0.0,0.0,0.0
0,0,0,0,1401,180,180,6,2022,0,2022-06-01,0.0,0.0,0.0,0.0
0,0,0,0,1401,181,181,7,2022,0,2022-07-01,0.0,0.0,0.0,0.0
0,0,0,0,1401,182,182,7,2022,0,2022-07-01,0.0,0.0,0.0,0.0
0,0,0,0,1401,183,183,7,2022,0,2022-07-01,0.0,0.0,0.0,0.0
0,0,0,0,1401,184,184,7,2022,0,2022-07-01,0.0,0.0,0.0,0.0
0,0,0,0,1402,185,185,7,2022,0,2022-07-01,0.0,0.0,0.0,0.0
0,0,0,0,1402,186,186,7,2022,0,2022-07-01,0.0,0.0,0.0,0.0
0,0,0,0,1402,187,187,7,2022,0,2022-07-01,0.0,0.0,0.0,0.0
0,0,0,0,1402,188,188,7,2022,0,2022-07-01,0.0,0.0,0.0,0.0
0,0,0,0,1402,189,189,7,2022,0,2022-07-01,0.0,0.0,0.0,0.0
0,0,0,0,1403,190,190,7,2022,0,2022-07-01,0.0,0.0,0.0,0.0
0,0,0,0,1402,191,191,7,2022,0,2022-07-01,0.0,0.0,0.0,0.0
0,0,0,0,1403,192,192,7,2022,0,2022-07-01,0.0,0.0,0.0,0.0
0,0,0,0,1403,193,193,7,2022,0,2022-07-01,0.0,0.0,0.0,0.0
0,0,0,0,1403,194,194,7,2022,0,2022-07-01,0.0,0.0,0.0,0.0
0,0,0,0,1402,195,195,7,2022,0,2022-07-01,0.0,0.0,0.0,0.0
0,0,0,0,1402,196,196,7,2022,0,2022-07-01,0.0,0.0,0.0,0.0
0,0,0,0,1402,197,197,7,2022,0,2022-07-01,0.0,0.0,0.0,0.0
0,0,0,0,1402,198,198,7,2022,0,2022-07-01,0.0,0.0,0.0,0.0
0,0,0,0,1402,199,199,7,2022,0,2022-07-01,0.0,0.0,0.0,0.0
0,0,0,0,1402,200,200,7,2022,0,2022-07-01,0.0,0.0,0.0,0.0
0,0,0,0,1402,201,201,7,2022,0,2022-07-01,0.0,0.0,0.0,0.0
0,0,0,0,1402,202,202,7,2022,0,2022-07-01,0.0,0.0,0.0,0.0
0,0,0,0,1402,203,203,7,2022,0,2022-07-01,0.0,0.0,0.0,0.0
0,0,0,0,1402,204,204,7,2022,0,2022-07-01,0.0,0.0,0.0,0.0
0,0,0,0,1402,205,205,7,2022,0,2022-07-01,0.0,0.0,0.0,0.0
0,0,0,0,1402,206,206,7,2022,0,2022-07-01,0.0,0.0,0.0,0.0
0,0,0,0,1402,207,207,7,2022,0,2022-07-01,0.0,0.0,0.0,0.0
0,0,0,0,1402,208,208,7,2022,0,2022-07-01,0.0,0.0,0.0,0.0
0,0,0,0,1402,209,209,7,2022,0,2022-07-01,0.0,0.0,0.0,0.0
0,0,0,0,1402,210,210,7,2022,0,2022-07-01,0.0,0.0,0.0,0.0
0,0,0,0,1402,211,211,7,2022,0,2022-07-01,0.0,0.0,0.0,0.0
0,0,0,0,1402,212,212,8,2022,0,2022-08-01,0.0,0.0,0.0,0.0
0,0,0,0,1402,213,213,8,2022,0,2022-08-01,0.0,0.0,0.0,0.0
0,0,0,0,1402,214,214,8,2022,0,2022-08-01,0.0,0.0,0.0,0.0
0,0,0,0,1402,215,215,8,2022,0,2022-08-01,0.0,0.0,0.0,0.0
0,0,0,0,1402,216,216,8,2022,0,2022-08-01,0.0,0.0,0.0,0.0
0,0,0,0,1402,217,217,8,2022,0,2022-08-01,0.0,0.0,0.0,0.0
0,0,0,0,1402,218,218,8,2022,0,2022-08-01,0.0,0.0,0.0,0.0
0,0,0,0,1401,219,219,8,2022,0,2022-08-01,0.0,0.0,0.0,0.0
0,0,0,0,1401,220,220,8,2022,0,2022-08-01,0.0,0.0,0.0,0.0
0,0,0,0,1401,221,221,8,2022,0,2022-08-01,0.0,0.0,0.0,0.0
0,0,0,0,1401,222,222,8,2022,0,2022-08-01,0.0,0.0,0.0,0.0
0,0,0,0,1400,223,223,8,2022,0,2022-08-01,0.0,0.0,0.0,0.0
0,0,0,0,1401,224,224,8,2022,0,2022-08-01,0.0,0.0,0.0,0.0
0,0,0,0,1401,225,225,8,2022,0,2022-08-01,0.0,0.0,0.0,0.0
0,0,0,0,1400,226,226,8,2022,0,2022-08-01,0.0,0.0,0.0,0.0
0,0,0,0,1400,227,227,8,2022,0,2022-08-01,0.0,0.0,0.0,0.0
0,0,0,0,1400,228,228,8,2022,0,2022-08-01,0.0,0.0,0.0,0.0
0,0,0,0,1400,229,229,8,2022,0,2022-08-01,0.0,0.0,0.0,0.0
0,0,0,0,1400,230,230,8,2022,0,2022-08-01,0.0,0.0,0.0,0.0
0,0,0,0,1400,231,231,8,2022,0,2022-08-01,0.0,0.0,0.0,0.0
0,0,0,0,1400,232,232,8,2022,0,2022-08-01,0.0,0.0,0.0,0.0
0,0,0,0,1401,233,233,8,2022,0,2022-08-01,0.0,0.0,0.0,0.0
0,0,0,0,1401,234,234,8,2022,0,2022-08-01,0.0,0.0,0.0,0.0
0,0,0,0,1400,235,235,8,2022,0,2022-08-01,0.0,0.0,0.0,0.0
0,0,0,0,1400,236,236,8,2022,0,2022-08-01,0.0,0.0,0.0,0.0
0,0,0,0,1400,237,237,8,2022,0,2022-08-01,0.0,0.0,0.0,0.0
0,0,0,0,1400,238,238,8,2022,0,2022-08-01,0.0,0.0,0.0,0.0
0,0,0,0,1400,239,239,8,2022,0,2022-08-01,0.0,0.0,0.0,0.0
0,0,0,0,1400,240,240,8,2022,0,2022-08-01,0.0,0.0,0.0,0.0
0,0,0,0,1400,241,241,8,2022,0,2022-08-01,0.0,0.0,0.0,0.0
0,0,0,0,1401,242,242,8,2022,0,2022-08-01,0.0,0.0,0.0,0.0
0,0,0,0,1401,243,243,9,2022,0,2022-09-01,0.0,0.0,0.0,0.0
0,0,0,0,1401,244,244,9,2022,0,2022-09-01,0.0,0.0,0.0,0.0
0,0,0,0,1401,245,245,9,2022,0,2022-09-01,0.0,0.0,0.0,0.0
0,0,0,0,1401,246,246,9,2022,0,2022-09-01,0.0,0.0,0.0,0.0
0,0,0,0,1401,247,247,9,2022,0,2022-09-01,0.0,0.0,0.0,0.0
0,0,0,0,1400,248,248,9,2022,0,2022-09-01,0.0,0.0,0.0,0.0
0,0,0,0,1399,249,249,9,2022,0,2022-09-01,0.0,0.0,0.0,0.0
0,0,0,0,1399,250,250,9,2022,0,2022-09-01,0.0,0.0,0.0,0.0
0,0,0,0,1399,251,251,9,2022,0,2022-09-01,0.0,0.0,0.0,0.0
0,0,0,0,1399,252,252,9,2022,0,2022-09-01,0.0,0.0,0.0,0.0
0,0,0,0,1399,253,253,9,2022,0,2022-09-01,0.0,0.0,0.0,0.0
0,0,0,0,1399,254,254,9,2022,0,2022-09-01,0.0,0.0,0.0,0.0
0,0,0,0,1399,255,255,9,2022,0,2022-09-01,0.0,0.0,0.0,0.0
0,0,0,0,1398,256,256,9,2022,0,2022-09-01,0.0,0.0,0.0,0.0
0,0,0,0,1398,257,257,9,2022,0,2022-09-01,0.0,0.0,0.0,0.0
0,0,0,0,1398,258,258,9,2022,0,2022-09-01,0.0,0.0,0.0,0.0
0,0,0,0,1399,259,259,9,2022,0,2022-09-01,0.0,0.0,0.0,0.0
0,0,0,0,1399,260,260,9,2022,0,2022-09-01,0.0,0.0,0.0,0.0
0,0,0,0,1399,261,261,9,2022,0,2022-09-01,0.0,0.0,0.0,0.0
0,0,0,0,1399,262,262,9,2022,0,2022-09-01,0.0,0.0,0.0,0.0
0,0,0,0,1399,263,263,9,2022,0,2022-09-01,0.0,0.0,0.0,0.0
0,0,0,0,1399,264,264,9,2022,0,2022-09-01,0.0,0.0,0.0,0.0
0,0,0,0,1399,265,265,9,2022,0,2022-09-01,0.0,0.0,0.0,0.0
0,0,0,0,1399,266,266,9,2022,0,2022-09-01,0.0,0.0,0.0,0.0
0,0,0,0,1399,267,267,9,2022,0,2022-09-01,0.0,0.0,0.0,0.0
0,0,0,0,1400,268,268,9,2022,0,2022-09-01,0.0,0.0,0.0,0.0
0,0,0,0,1400,269,269,9,2022,0,2022-09-01,0.0,0.0,0.0,0.0
0,0,0,0,1399,270,270,9,2022,0,2022-09-01,0.0,0.0,0.0,0.0
0,0,0,0,1399,271,271,9,2022,0,2022-09-01,0.0,0.0,0.0,0.0
0,0,0,0,1398,272,272,9,2022,0,2022-09-01,0.0,0.0,0.0,0.0
0,0,0,0,1398,273,273,10,2022,0,2022-10-01,0.0,0.0,0.0,0.0
0,0,0,0,1398,274,274,10,2022,0,2022-10-01,0.0,0.0,0.0,0.0
0,0,0,0,1398,275,275,10,2022,0,2022-10-01,0.0,0.0,0.0,0.0
0,0,0,0,1398,276,276,10,2022,0,2022-10-01,0.0,0.0,0.0,0.0
0,0,0,0,1398,277,277,10,2022,0,2022-10-01,0.0,0.0,0.0,0.0
0,0,0,0,1398,278,278,10,2022,0,2022-10-01,0.0,0.0,0.0,0.0
0,0,0,0,1398,279,279,10,2022,0,2022-10-01,0.0,0.0,0.0,0.0
0,0,0,0,1398,280,280,10,2022,0,2022-10-01,0.0,0.0,0.0,0.0
0,0,0,0,1400,281,281,10,2022,0,2022-10-01,0.0,0.0,0.0,0.0
0,0,0,0,1400,282,282,10,2022,0,2022-10-01,0.0,0.0,0.0,0.0
0,0,0,0,1400,283,283,10,2022,0,2022-10-01,0.0,0.0,0.0,0.0
0,0,0,0,1400,284,284,10,2022,0,2022-10-01,0.0,0.0,0.0,0.0
0,0,0,0,1400,285,285,10,2022,0,2022-10-01,0.0,0.0,0.0,0.0
0,0,0,0,1400,286,286,10,2022,0,2022-10-01,0.0,0.0,0.0,0.0
0,0,0,0,1400,287,287,10,2022,0,2022-10-01,0.0,0.0,0.0,0.0
0,0,0,0,1400,288,288,10,2022,0,2022-10-01,0.0,0.0,0.0,0.0
0,0,0,0,1400,289,289,10,2022,0,2022-10-01,0.0,0.0,0.0,0.0
0,0,0,0,1400,290,290,10,2022,0,2022-10-01,0.0,0.0,0.0,0.0
0,0,0,0,1400,291,291,10,2022,0,2022-10-01,0.0,0.0,0.0,0.0
0,0,0,0,1400,292,292,10,2022,0,2022-10-01,0.0,0.0,0.0,0.0
0,0,0,0,1399,293,293,10,2022,0,2022-10-01,0.0,0.0,0.0,0.0
0,0,0,0,1399,294,294,10,2022,0,2022-10-01,0.0,0.0,0.0,0.0
0,0,0,0,1399,295,295,10,2022,0,2022-10-01,0.0,0.0,0.0,0.0
0,0,0,0,1400,296,296,10,2022,0,2022-10-01,0.0,0.0,0.0,0.0
0,0,0,0,1400,297,297,10,2022,0,2022-10-01,0.0,0.0,0.0,0.0
0,0,0,0,1399,298,298,10,2022,0,2022-10-01,0.0,0.0,0.0,0.0
0,0,0,0,1399,299,299,10,2022,0,2022-10-01,0.0,0.0,0.0,0.0
0,0,0,0,1399,300,300,10,2022,0,2022-10-01,0.0,0.0,0.0,0.0
0,0,0,0,1399,301,301,10,2022,0,2022-10-01,0.0,0.0,0.0,0.0
0,0,0,0,1399,302,302,10,2022,0,2022-10-01,0.0,0.0,0.0,0.0
0,0,0,0,1399,303,303,10,2022,0,2022-10-01,0.0,0.0,0.0,0.0
0,0,0,0,1399,304,304,11,2022,0,2022-11-01,0.0,0.0,0.0,0.0
0,0,0,0,1399,305,305,11,2022,0,2022-11-01,0.0,0.0,0.0,0.0
0,0,0,0,1399,306,306,11,2022,0,2022-11-01,0.0,0.0,0.0,0.0
0,0,0,0,1399,307,307,11,2022,0,2022-11-01,0.0,0.0,0.0,0.0
0,0,0,0,1399,308,308,11,2022,0,2022-11-01,0.0,0.0,0.0,0.0
0,0,0,0,1399,309,309,11,2022,0,2022-11-01,0.0,0.0,0.0,0.0
0,0,0,0,1399,310,310,11,2022,0,2022-11-01,0.0,0.0,0.0,0.0
0,0,0,0,1399,311,311,11,2022,0,2022-11-01,0.0,0.0,0.0,0.0
0,0,0,0,1399,312,312,11,2022,0,2022-11-01,0.0,0.0,0.0,0.0
0,0,0,0,1399,313,313,11,2022,0,2022-11-01,0.0,0.0,0.0,0.0
0,0,0,0,1399,314,314,11,2022,0,2022-11-01,0.0,0.0,0.0,0.0
0,0,0,0,1399,315,315,11,2022,0,2022-11-01,0.0,0.0,0.0,0.0
0,0,0,0,1399,316,316,11,2022,0,2022-11-01,0.0,0.0,0.0,0.0
0,0,0,0,1399,317,317,11,2022,0,2022-11-01,0.0,0.0,0.0,0.0
0,0,0,0,1399,318,318,11,2022,0,2022-11-01,0.0,0.0,0.0,0.0
0,0,0,0,1398,319,319,11,2022,0,2022-11-01,0.0,0.0,0.0,0.0
0,0,0,0,1397,320,320,11,2022,0,2022-11-01,0.0,0.0,0.0,0.0
0,0,0,0,1397,321,321,11,2022,0,2022-11-01,0.0,0.0,0.0,0.0
0,0,0,0,1397,322,322,11,2022,0,2022-11-01,0.0,0.0,0.0,0.0
0,0,0,0,1397,323,323,11,2022,0,2022-11-01,0.0,0.0,0.0,0.0
0,0,0,0,1397,324,324,11,2022,0,2022-11-01,0.0,0.0,0.0,0.0
0,0,0,0,1397,325,325,11,2022,0,2022-11-01,0.0,0.0,0.0,0.0
0,0,0,0,1397,326,326,11,2022,0,2022-11-01,0.0,0.0,0.0,0.0
0,0,0,0,1397,327,327,11,2022,0,2022-11-01,0.0,0.0,0.0,0.0
0,0,0,0,1397,328,328,11,2022,0,2022-11-01,0.0,0.0,0.0,0.0
0,0,0,0,1398,329,329,11,2022,0,2022-11-01,0.0,0.0,0.0,0.0
0,0,0,0,1398,330,330,11,2022,0,2022-11-01,0.0,0.0,0.0,0.0
0,0,0,0,1397,331,331,11,2022,0,2022-11-01,0.0,0.0,0.0,0.0
0,0,0,0,1397,332,332,11,2022,0,2022-11-01,0.0,0.0,0.0,0.0
0,0,0,0,1397,333,333,11,2022,0,2022-11-01,0.0,0.0,0.0,0.0
0,0,0,0,1397,334,334,12,2022,0,2022-12-01,0.0,0.0,0.0,0.0
0,0,0,0,1397,335,335,12,2022,0,2022-12-01,0.0,0.0,0.0,0.0
0,0,0,0,1397,336,336,12,2022,0,2022-12-01,0.0,0.0,0.0,0.0
0,0,0,0,1397,337,337,12,2022,0,2022-12-01,0.0,0.0,0.0,0.0
0,0,0,0,1397,338,338,12,2022,0,2022-12-01,0.0,0.0,0.0,0.0
0,0,0,0,1397,339,339,12,2022,0,2022-12-01,0.0,0.0,0.0,0.0
0,0,0,0,1398,340,340,12,2022,0,2022-12-01,0.0,0.0,0.0,0.0
0,0,0,0,1397,341,341,12,2022,0,2022-12-01,0.0,0.0,0.0,0.0
0,0,0,0,1397,342,342,12,2022,0,2022-12-01,0.0,0.0,0.0,0.0
0,0,0,0,1397,343,343,12,2022,0,2022-12-01,0.0,0.0,0.0,0.0
0,0,0,0,1399,344,344,12,2022,0,2022-12-01,0.0,0.0,0.0,0.0
0,0,0,0,1399,345,345,12,2022,0,2022-12-01,0.0,0.0,0.0,0.0
0,0,0,0,1399,346,346,12,2022,0,2022-12-01,0.0,0.0,0.0,0.0
0,0,0,0,1399,347,347,12,2022,0,2022-12-01,0.0,0.0,0.0,0.0
0,0,0,0,1399,348,348,12,2022,0,2022-12-01,0.0,0.0,0.0,0.0
0,0,0,0,1399,349,349,12,2022,0,2022-12-01,0.0,0.0,0.0,0.0
0,0,0,0,1399,350,350,12,2022,0,2022-12-01,0.0,0.0,0.0,0.0
0,0,0,0,1398,351,351,12,2022,0,2022-12-01,0.0,0.0,0.0,0.0
0,0,0,0,1398,352,352,12,2022,0,2022-12-01,0.0,0.0,0.0,0.0
0,0,0,0,1398,353,353,12,2022,0,2022-12-01,0.0,0.0,0.0,0.0
0,0,0,0,1398,354,354,12,2022,0,2022-12-01,0.0,0.0,0.0,0.0
0,0,0,0,1398,355,355,12,2022,0,2022-12-01,0.0,0.0,0.0,0.0
0,0,0,0,1397,356,356,12,2022,0,2022-12-01,0.0,0.0,0.0,0.0
0,0,0,0,1397,357,357,12,2022,0,2022-12-01,0.0,0.0,0.0,0.0
0,0,0,0,1397,358,358,12,2022,0,2022-12-01,0.0,0.0,0.0,0.0
0,0,0,0,1397,359,359,12,2022,0,2022-12-01,0.0,0.0,0.0,0.0
0,0,0,0,1396,360,360,12,2022,0,2022-12-01,0.0,0.0,0.0,0.0
0,0,0,0,1396,361,361,12,2022,0,2022-12-01,0.0,0.0,0.0,0.0
0,0,0,0,1396,362,362,12,2022,0,2022-12-01,0.0,0.0,0.0,0.0
0,0,0,0,1396,363,363,12,2022,0,2022-12-01,0.0,0.0,0.0,0.0
0,0,0,0,1394,364,364,12,2022,0,2022-12-01,0.0,0.0,0.0,0.0
0,0,0,0,1394,365,0,1,2023,0,2023-01-01,0.0,0.0,0.0,0.0
0,1104,152,0,1394,366,1,1,2023,0,2023-01-01,0.0,0.7919655667144907,0.10903873744619799,0.0
0,0,0,0,1394,367,2,1,2023,0,2023-01-01,0.0,0.0,0.0,0.0
5,0,0,0,1394,368,3,1,2023,0,2023-01-01,0.003586800573888092,0.0,0.0,0.0
1,0,0,0,1394,369,4,1,2023,0,2023-01-01,0.0007173601147776184,0.0,0.0,0.0
4,0,0,0,1394,370,5,1,2023,0,2023-01-01,0.0028694404591104736,0.0,0.0,0.0
3,0,0,0,1394,371,6,1,2023,0,2023-01-01,0.002152080344332855,0.0,0.0,0.0
7,0,0,0,1393,372,7,1,2023,0,2023-01-01,0.005025125628140704,0.0,0.0,0.0
5,0,0,0,1393,373,8,1,2023,0,2023-01-01,0.003589375448671931,0.0,0.0,0.0
2,0,0,0,1393,374,9,1,2023,0,2023-01-01,0.0014357501794687725,0.0,0.0,0.0
3,0,0,0,1394,375,10,1,2023,0,2023-01-01,0.002152080344332855,0.0,0.0,0.0
5,0,0,0,1395,376,11,1,2023,0,2023-01-01,0.0035842293906810036,0.0,0.0,0.0
3,0,0,0,1395,377,12,1,2023,0,2023-01-01,0.002150537634408602,0.0,0.0,0.0
10,0,0,0,1394,378,13,1,2023,0,2023-01-01,0.007173601147776184,0.0,0.0,0.0
7,0,0,0,1394,379,14,1,2023,0,2023-01-01,0.005021520803443328,0.0,0.0,0.0
2,0,0,0,1394,380,15,1,2023,0,2023-01-01,0.0014347202295552368,0.0,0.0,0.0
7,0,0,0,1394,381,16,1,2023,0,2023-01-01,0.005021520803443328,0.0,0.0,0.0
10,0,0,0,1394,382,17,1,2023,0,2023-01-01,0.007173601147776184,0.0,0.0,0.0
9,0,0,0,1394,383,18,1,2023,0,2023-01-01,0.006456241032998565,0.0,0.0,0.0
2,0,0,0,1393,384,19,1,2023,0,2023-01-01,0.0014357501794687725,0.0,0.0,0.0
4,0,0,0,1393,385,20,1,2023,0,2023-01-01,0.002871500358937545,0.0,0.0,0.0
5,0,0,0,1393,386,21,1,2023,0,2023-01-01,0.003589375448671931,0.0,0.0,0.0
6,0,0,0,1393,387,22,1,2023,0,2023-01-01,0.004307250538406317,0.0,0.0,0.0
7,0,0,0,1393,388,23,1,2023,0,2023-01-01,0.005025125628140704,0.0,0.0,0.0
4,0,0,0,1393,389,24,1,2023,0,2023-01-01,0.002871500358937545,0.0,0.0,0.0
6,0,0,0,1393,390,25,1,2023,0,2023-01-01,0.004307250538406317,0.0,0.0,0.0
6,0,0,0,1393,391,26,1,2023,0,2023-01-01,0.004307250538406317,0.0,0.0,0.0
4,0,0,0,1393,392,27,1,2023,0,2023-01-01,0.002871500358937545,0.0,0.0,0.0
6,0,0,0,1393,393,28,1,2023,0,2023-01-01,0.004307250538406317,0.0,0.0,0.0
2,0,0,0,1393,394,29,1,2023,0,2023-01-01,0.0014357501794687725,0.0,0.0,0.0
8,0,0,0,1393,395,30,1,2023,0,2023-01-01,0.00574300071787509,0.0,0.0,0.0
8,0,153,0,1393,396,31,2,2023,0,2023-02-01,0.00574300071787509,0.0,0.10983488872936109,0.0
5,0,0,0,1392,397,32,2,2023,0,2023-02-01,0.0035919540229885057,0.0,0.0,0.0
5,0,0,0,1392,398,33,2,2023,0,2023-02-01,0.0035919540229885057,0.0,0.0,0.0
10,0,0,0,1392,399,34,2,2023,0,2023-02-01,0.007183908045977011,0.0,0.0,0.0
4,0,0,0,1392,400,35,2,2023,0,2023-02-01,0.0028735632183908046,0.0,0.0,0.0
16,0,0,0,1392,401,36,2,2023,0,2023-02-01,0.011494252873563218,0.0,0.0,0.0
10,0,0,0,1392,402,37,2,2023,0,2023-02-01,0.007183908045977011,0.0,0.0,0.0
10,0,0,0,1391,403,38,2,2023,0,2023-02-01,0.007189072609633357,0.0,0.0,0.0
9,0,0,0,1391,404,39,2,2023,0,2023-02-01,0.006470165348670022,0.0,0.0,0.0
14,0,0,0,1391,405,40,2,2023,0,2023-02-01,0.010064701653486701,0.0,0.0,0.0
10,0,0,0,1391,406,41,2,2023,0,2023-02-01,0.007189072609633357,0.0,0.0,0.0
5,0,0,0,1390,407,42,2,2023,0,2023-02-01,0.0035971223021582736,0.0,0.0,0.0
8,0,0,0,1390,408,43,2,2023,0,2023-02-01,0.0057553956834532375,0.0,0.0,0.0
10,0,0,0,1390,409,44,2,2023,0,2023-02-01,0.007194244604316547,0.0,0.0,0.0
4,0,0,0,1390,410,45,2,2023,0,2023-02-01,0.0028776978417266188,0.0,0.0,0.0
7,0,0,0,1390,411,46,2,2023,0,2023-02-01,0.005035971223021582,0.0,0.0,0.0
9,0,0,0,1390,412,47,2,2023,0,2023-02-01,0.006474820143884892,0.0,0.0,0.0
4,0,0,0,1390,413,48,2,2023,0,2023-02-01,0.0028776978417266188,0.0,0.0,0.0
6,0,0,0,1390,414,49,2,2023,0,2023-02-01,0.004316546762589928,0.0,0.0,0.0
2,0,0,0,1390,415,50,2,2023,0,2023-02-01,0.0014388489208633094,0.0,0.0,0.0
10,0,0,0,1390,416,51,2,2023,0,2023-02-01,0.007194244604316547,0.0,0.0,0.0
8,0,0,0,1390,417,52,2,2023,0,2023-02-01,0.0057553956834532375,0.0,0.0,0.0
8,0,0,0,1390,418,53,2,2023,0,2023-02-01,0.0057553956834532375,0.0,0.0,0.0
8,0,0,0,1390,419,54,2,2023,0,2023-02-01,0.0057553956834532375,0.0,0.0,0.0
13,0,0,0,1390,420,55,2,2023,0,2023-02-01,0.00935251798561151,0.0,0.0,0.0
10,0,0,0,1390,421,56,2,2023,0,2023-02-01,0.007194244604316547,0.0,0.0,0.0
11,0,0,0,1389,422,57,2,2023,0,2023-02-01,0.007919366450683946,0.0,0.0,0.0
10,0,0,0,1390,423,58,2,2023,0,2023-02-01,0.007194244604316547,0.0,0.0,0.0
9,0,0,0,1390,424,59,3,2023,0,2023-03-01,0.006474820143884892,0.0,0.0,0.0
2,0,0,0,1391,425,60,3,2023,0,2023-03-01,0.0014378145219266715,0.0,0.0,0.0
9,0,160,0,1391,426,61,3,2023,0,2023-03-01,0.006470165348670022,0.0,0.11502516175413371,0.0
10,0,0,0,1392,427,62,3,2023,0,2023-03-01,0.007183908045977011,0.0,0.0,0.0
6,0,0,0,1392,428,63,3,2023,0,2023-03-01,0.004310344827586207,0.0,0.0,0.0
10,0,0,0,1392,429,64,3,2023,0,2023-03-01,0.007183908045977011,0.0,0.0,0.0
5,0,0,0,1392,430,65,3,2023,0,2023-03-01,0.0035919540229885057,0.0,0.0,0.0
10,0,0,0,1392,431,66,3,2023,0,2023-03-01,0.007183908045977011,0.0,0.0,0.0
6,0,0,0,1392,432,67,3,2023,0,2023-03-01,0.004310344827586207,0.0,0.0,0.0
5,0,0,0,1392,433,68,3,2023,0,2023-03-01,0.0035919540229885057,0.0,0.0,0.0
2,0,0,0,1393,434,69,3,2023,0,2023-03-01,0.0014357501794687725,0.0,0.0,0.0
13,0,0,0,1393,435,70,3,2023,0,2023-03-01,0.00933237616654702,0.0,0.0,0.0
5,0,0,0,1392,436,71,3,2023,0,2023-03-01,0.0035919540229885057,0.0,0.0,0.0
6,0,0,0,1392,437,72,3,2023,0,2023-03-01,0.004310344827586207,0.0,0.0,0.0
8,0,0,0,1392,438,73,3,2023,0,2023-03-01,0.005747126436781609,0.0,0.0,0.0
12,0,0,0,1392,439,74,3,2023,0,2023-03-01,0.008620689655172414,0.0,0.0,0.0
6,0,0,0,1391,440,75,3,2023,0,2023-03-01,0.004313443565780014,0.0,0.0,0.0
7,0,0,0,1391,441,76,3,2023,0,2023-03-01,0.0050323508267433505,0.0,0.0,0.0
7,0,0,0,1390,442,77,3,2023,0,2023-03-01,0.005035971223021582,0.0,0.0,0.0
2,0,0,0,1390,443,78,3,2023,0,2023-03-01,0.0014388489208633094,0.0,0.0,0.0
13,0,0,0,1390,444,79,3,2023,0,2023-03-01,0.00935251798561151,0.0,0.0,0.0
7,0,0,0,1390,445,80,3,2023,0,2023-03-01,0.005035971223021582,0.0,0.0,0.0
4,0,0,0,1390,446,81,3,2023,0,2023-03-01,0.0028776978417266188,0.0,0.0,0.0
8,0,0,0,1390,447,82,3,2023,0,2023-03-01,0.0057553956834532375,0.0,0.0,0.0
7,0,0,0,1390,448,83,3,2023,0,2023-03-01,0.005035971223021582,0.0,0.0,0.0
8,0,0,0,1390,449,84,3,2023,0,2023-03-01,0.0057553956834532375,0.0,0.0,0.0
8,0,0,0,1391,450,85,3,2023,0,2023-03-01,0.005751258087706686,0.0,0.0,0.0
10,0,0,0,1391,451,86,3,2023,0,2023-03-01,0.007189072609633357,0.0,0.0,0.0
8,0,0,0,1391,452,87,3,2023,0,2023-03-01,0.005751258087706686,0.0,0.0,0.0
6,0,0,0,1391,453,88,3,2023,0,2023-03-01,0.004313443565780014,0.0,0.0,0.0
9,0,0,0,1390,454,89,3,2023,0,2023-03-01,0.006474820143884892,0.0,0.0,0.0
9,0,0,0,1390,455,90,4,2023,0,2023-04-01,0.006474820143884892,0.0,0.0,0.0
10,0,146,0,1390,456,91,4,2023,0,2023-04-01,0.007194244604316547,0.0,0.10503597122302158,0.0
6,0,0,0,1390,457,92,4,2023,0,2023-04-01,0.004316546762589928,0.0,0.0,0.0
4,0,0,0,1391,458,93,4,2023,0,2023-04-01,0.002875629043853343,0.0,0.0,0.0
5,0,0,0,1391,459,94,4,2023,0,2023-04-01,0.0035945363048166786,0.0,0.0,0.0
8,0,0,0,1391,460,95,4,2023,0,2023-04-01,0.005751258087706686,0.0,0.0,0.0
15,0,0,0,1391,461,96,4,2023,0,2023-04-01,0.010783608914450037,0.0,0.0,0.0
6,0,0,0,1391,462,97,4,2023,0,2023-04-01,0.004313443565780014,0.0,0.0,0.0
8,0,0,0,1391,463,98,4,2023,0,2023-04-01,0.005751258087706686,0.0,0.0,0.0
8,0,0,0,1391,464,99,4,2023,0,2023-04-01,0.005751258087706686,0.0,0.0,0.0
8,0,0,0,1392,465,100,4,2023,0,2023-04-01,0.005747126436781609,0.0,0.0,0.0
10,0,0,0,1392,466,101,4,2023,0,2023-04-01,0.007183908045977011,0.0,0.0,0.0
3,0,0,0,1392,467,102,4,2023,0,2023-04-01,0.0021551724137931034,0.0,0.0,0.0
14,0,0,0,1392,468,103,4,2023,0,2023-04-01,0.010057471264367816,0.0,0.0,0.0
7,0,0,0,1393,469,104,4,2023,0,2023-04-01,0.005025125628140704,0.0,0.0,0.0
7,0,0,0,1393,470,105,4,2023,0,2023-04-01,0.005025125628140704,0.0,0.0,0.0
10,0,0,0,1393,471,106,4,2023,0,2023-04-01,0.007178750897343862,0.0,0.0,0.0
9,0,0,0,1393,472,107,4,2023,0,2023-04-01,0.006460875807609476,0.0,0.0,0.0
17,0,0,0,1393,473,108,4,2023,0,2023-04-01,0.012203876525484566,0.0,0.0,0.0
8,0,0,0,1393,474,109,4,2023,0,2023-04-01,0.00574300071787509,0.0,0.0,0.0
11,0,0,0,1393,475,110,4,2023,0,2023-04-01,0.007896625987078248,0.0,0.0,0.0
11,0,0,0,1393,476,111,4,2023,0,2023-04-01,0.007896625987078248,0.0,0.0,0.0
14,0,0,0,1393,477,112,4,2023,0,2023-04-01,0.010050251256281407,0.0,0.0,0.0
13,0,0,0,1393,478,113,4,2023,0,2023-04-01,0.00933237616654702,0.0,0.0,0.0
10,0,0,0,1393,479,114,4,2023,0,2023-04-01,0.007178750897343862,0.0,0.0,0.0
8,0,0,0,1393,480,115,4,2023,0,2023-04-01,0.00574300071787509,0.0,0.0,0.0
7,0,0,0,1392,481,116,4,2023,0,2023-04-01,0.005028735632183908,0.0,0.0,0.0
12,0,0,0,1392,482,117,4,2023,0,2023-04-01,0.008620689655172414,0.0,0.0,0.0
10,0,0,0,1392,483,118,4,2023,0,2023-04-01,0.007183908045977011,0.0,0.0,0.0
7,0,0,0,1392,484,119,4,2023,0,2023-04-01,0.005028735632183908,0.0,0.0,0.0
8,0,0,0,1392,485,120,5,2023,0,2023-05-01,0.005747126436781609,0.0,0.0,0.0
9,0,0,0,1392,486,121,5,2023,0,2023-05-01,0.00646551724137931,0.0,0.0,0.0
10,0,0,0,1392,487,122,5,2023,0,2023-05-01,0.007183908045977011,0.0,0.0,0.0
13,0,0,0,1392,488,123,5,2023,0,2023-05-01,0.009339080459770116,0.0,0.0,0.0
10,0,0,0,1392,489,124,5,2023,0,2023-05-01,0.007183908045977011,0.0,0.0,0.0
5,0,0,0,1391,490,125,5,2023,0,2023-05-01,0.0035945363048166786,0.0,0.0,0.0
10,0,0,0,1391,491,126,5,2023,0,2023-05-01,0.007189072609633357,0.0,0.0,0.0
10,0,0,0,1391,492,127,5,2023,0,2023-05-01,0.007189072609633357,0.0,0.0,0.0
10,0,0,0,1391,493,128,5,2023,0,2023-05-01,0.007189072609633357,0.0,0.0,0.0
9,0,0,0,1391,494,129,5,2023,0,2023-05-01,0.006470165348670022,0.0,0.0,0.0
11,0,0,0,1391,495,130,5,2023,0,2023-05-01,0.007907979870596693,0.0,0.0,0.0
16,0,0,0,1391,496,131,5,2023,0,2023-05-01,0.011502516175413372,0.0,0.0,0.0
7,0,0,0,1391,497,132,5,2023,0,2023-05-01,0.0050323508267433505,0.0,0.0,0.0
15,0,0,0,1391,498,133,5,2023,0,2023-05-01,0.010783608914450037,0.0,0.0,0.0
7,0,0,0,1391,499,134,5,2023,0,2023-05-01,0.0050323508267433505,0.0,0.0,0.0
14,0,0,0,1391,500,135,5,2023,0,2023-05-01,0.010064701653486701,0.0,0.0,0.0
11,0,0,0,1391,501,136,5,2023,0,2023-05-01,0.007907979870596693,0.0,0.0,0.0
10,0,0,0,1389,502,137,5,2023,0,2023-05-01,0.007199424046076314,0.0,0.0,0.0
9,0,0,0,1389,503,138,5,2023,0,2023-05-01,0.0064794816414686825,0.0,0.0,0.0
4,0,0,0,1389,504,139,5,2023,0,2023-05-01,0.0028797696184305254,0.0,0.0,0.0
9,0,0,0,1389,505,140,5,2023,0,2023-05-01,0.0064794816414686825,0.0,0.0,0.0
7,0,0,0,1389,506,141,5,2023,0,2023-05-01,0.005039596832253419,0.0,0.0,0.0
4,0,0,0,1389,507,142,5,2023,0,2023-05-01,0.0028797696184305254,0.0,0.0,0.0
4,0,0,0,1390,508,143,5,2023,0,2023-05-01,0.0028776978417266188,0.0,0.0,0.0
5,0,0,0,1390,509,144,5,2023,0,2023-05-01,0.0035971223021582736,0.0,0.0,0.0
3,0,0,0,1390,510,145,5,2023,0,2023-05-01,0.002158273381294964,0.0,0.0,0.0
9,0,0,0,1390,511,146,5,2023,0,2023-05-01,0.006474820143884892,0.0,0.0,0.0
5,0,0,0,1390,512,147,5,2023,0,2023-05-01,0.0035971223021582736,0.0,0.0,0.0
11,0,0,0,1390,513,148,5,2023,0,2023-05-01,0.007913669064748202,0.0,0.0,0.0
23,0,0,0,1390,514,149,5,2023,0,2023-05-01,0.016546762589928057,0.0,0.0,0.0
11,0,0,0,1390,515,150,5,2023,0,2023-05-01,0.007913669064748202,0.0,0.0,0.0
14,0,0,0,1390,516,151,6,2023,0,2023-06-01,0.010071942446043165,0.0,0.0,0.0
18,0,0,0,1390,517,152,6,2023,0,2023-06-01,0.012949640287769784,0.0,0.0,0.0
17,0,0,0,1390,518,153,6,2023,0,2023-06-01,0.01223021582733813,0.0,0.0,0.0
10,0,0,0,1390,519,154,6,2023,0,2023-06-01,0.007194244604316547,0.0,0.0,0.0
14,0,0,0,1391,520,155,6,2023,0,2023-06-01,0.010064701653486701,0.0,0.0,0.0
11,0,0,0,1390,521,156,6,2023,0,2023-06-01,0.007913669064748202,0.0,0.0,0.0
21,0,0,0,1390,522,157,6,2023,0,2023-06-01,0.015107913669064749,0.0,0.0,0.0
19,0,0,0,1390,523,158,6,2023,0,2023-06-01,0.013669064748201438,0.0,0.0,0.0
16,0,0,0,1390,524,159,6,2023,0,2023-06-01,0.011510791366906475,0.0,0.0,0.0
13,0,0,0,1390,525,160,6,2023,0,2023-06-01,0.00935251798561151,0.0,0.0,0.0
15,0,0,0,1390,526,161,6,2023,0,2023-06-01,0.01079136690647482,0.0,0.0,0.0
13,0,0,0,1390,527,162,6,2023,0,2023-06-01,0.00935251798561151,0.0,0.0,0.0
9,0,0,0,1391,528,163,6,2023,0,2023-06-01,0.006470165348670022,0.0,0.0,0.0
14,0,0,0,1391,529,164,6,2023,0,2023-06-01,0.010064701653486701,0.0,0.0,0.0
12,0,0,0,1391,530,165,6,2023,0,2023-06-01,0.008626887131560028,0.0,0.0,0.0
11,0,0,0,1391,531,166,6,2023,0,2023-06-01,0.007907979870596693,0.0,0.0,0.0
6,0,0,0,1391,532,167,6,2023,0,2023-06-01,0.004313443565780014,0.0,0.0,0.0
17,0,0,0,1391,533,168,6,2023,0,2023-06-01,0.012221423436376708,0.0,0.0,0.0
8,0,0,0,1391,534,169,6,2023,0,2023-06-01,0.005751258087706686,0.0,0.0,0.0
10,0,0,0,1391,535,170,6,2023,0,2023-06-01,0.007189072609633357,0.0,0.0,0.0
9,0,0,0,1391,536,171,6,2023,0,2023-06-01,0.006470165348670022,0.0,0.0,0.0
10,0,0,0,1392,537,172,6,2023,0,2023-06-01,0.007183908045977011,0.0,0.0,0.0
9,0,0,0,1392,538,173,6,2023,0,2023-06-01,0.00646551724137931,0.0,0.0,0.0
9,0,0,0,1392,539,174,6,2023,0,2023-06-01,0.00646551724137931,0.0,0.0,0.0
7,0,0,0,1392,540,175,6,2023,0,2023-06-01,0.005028735632183908,0.0,0.0,0.0
13,0,0,0,1392,541,176,6,2023,0,2023-06-01,0.009339080459770116,0.0,0.0,0.0
8,0,0,0,1392,542,177,6,2023,0,2023-06-01,0.005747126436781609,0.0,0.0,0.0
8,0,0,0,1392,543,178,6,2023,0,2023-06-01,0.005747126436781609,0.0,0.0,0.0
4,0,0,0,1392,544,179,6,2023,0,2023-06-01,0.0028735632183908046,0.0,0.0,0.0
10,0,0,0,1391,545,180,6,2023,0,2023-06-01,0.007189072609633357,0.0,0.0,0.0
10,0,0,0,1391,546,181,7,2023,0,2023-07-01,0.007189072609633357,0.0,0.0,0.0
4,0,0,0,1391,547,182,7,2023,0,2023-07-01,0.002875629043853343,0.0,0.0,0.0
12,0,0,0,1391,548,183,7,2023,0,2023-07-01,0.008626887131560028,0.0,0.0,0.0
12,0,0,0,1391,549,184,7,2023,0,2023-07-01,0.008626887131560028,0.0,0.0,0.0
11,0,0,0,1391,550,185,7,2023,0,2023-07-01,0.007907979870596693,0.0,0.0,0.0
6,0,0,0,1391,551,186,7,2023,0,2023-07-01,0.004313443565780014,0.0,0.0,0.0
6,0,0,0,1391,552,187,7,2023,0,2023-07-01,0.004313443565780014,0.0,0.0,0.0
7,0,0,0,1391,553,188,7,2023,0,2023-07-01,0.0050323508267433505,0.0,0.0,0.0
10,0,0,0,1391,554,189,7,2023,0,2023-07-01,0.007189072609633357,0.0,0.0,0.0
11,0,0,0,1391,555,190,7,2023,0,2023-07-01,0.007907979870596693,0.0,0.0,0.0
11,0,0,0,1391,556,191,7,2023,0,2023-07-01,0.007907979870596693,0.0,0.0,0.0
14,0,0,0,1391,557,192,7,2023,0,2023-07-01,0.010064701653486701,0.0,0.0,0.0
8,0,0,0,1391,558,193,7,2023,0,2023-07-01,0.005751258087706686,0.0,0.0,0.0
9,0,0,0,1391,559,194,7,2023,0,2023-07-01,0.006470165348670022,0.0,0.0,0.0
6,0,0,0,1393,560,195,7,2023,0,2023-07-01,0.004307250538406317,0.0,0.0,0.0
8,0,0,0,1393,561,196,7,2023,0,2023-07-01,0.00574300071787509,0.0,0.0,0.0
7,0,0,0,1393,562,197,7,2023,0,2023-07-01,0.005025125628140704,0.0,0.0,0.0
9,0,0,0,1393,563,198,7,2023,0,2023-07-01,0.006460875807609476,0.0,0.0,0.0
11,0,0,0,1394,564,199,7,2023,0,2023-07-01,0.007890961262553802,0.0,0.0,0.0
11,0,0,0,1394,565,200,7,2023,0,2023-07-01,0.007890961262553802,0.0,0.0,0.0
7,0,0,0,1395,566,201,7,2023,0,2023-07-01,0.005017921146953405,0.0,0.0,0.0
12,0,0,0,1395,567,202,7,2023,0,2023-07-01,0.008602150537634409,0.0,0.0,0.0
11,0,0,0,1395,568,203,7,2023,0,2023-07-01,0.007885304659498209,0.0,0.0,0.0
8,0,0,0,1395,569,204,7,2023,0,2023-07-01,0.005734767025089606,0.0,0.0,0.0
3,0,0,0,1395,570,205,7,2023,0,2023-07-01,0.002150537634408602,0.0,0.0,0.0
10,0,0,0,1395,571,206,7,2023,0,2023-07-01,0.007168458781362007,0.0,0.0,0.0
10,0,0,0,1395,572,207,7,2023,0,2023-07-01,0.007168458781362007,0.0,0.0,0.0
12,0,0,0,1395,573,208,7,2023,0,2023-07-01,0.008602150537634409,0.0,0.0,0.0
9,0,0,0,1395,574,209,7,2023,0,2023-07-01,0.0064516129032258064,0.0,0.0,0.0
9,0,0,0,1395,575,210,7,2023,0,2023-07-01,0.0064516129032258064,0.0,0.0,0.0
10,0,0,0,1395,576,211,7,2023,0,2023-07-01,0.007168458781362007,0.0,0.0,0.0
4,0,0,0,1395,577,212,8,2023,0,2023-08-01,0.002867383512544803,0.0,0.0,0.0
9,0,0,0,1395,578,213,8,2023,0,2023-08-01,0.0064516129032258064,0.0,0.0,0.0
7,0,0,0,1394,579,214,8,2023,0,2023-08-01,0.005021520803443328,0.0,0.0,0.0
10,0,0,0,1393,580,215,8,2023,0,2023-08-01,0.007178750897343862,0.0,0.0,0.0
6,0,0,0,1393,581,216,8,2023,0,2023-08-01,0.004307250538406317,0.0,0.0,0.0
5,0,0,0,1393,582,217,8,2023,0,2023-08-01,0.003589375448671931,0.0,0.0,0.0
10,0,0,0,1393,583,218,8,2023,0,2023-08-01,0.007178750897343862,0.0,0.0,0.0
17,0,0,0,1393,584,219,8,2023,0,2023-08-01,0.012203876525484566,0.0,0.0,0.0
7,0,0,0,1393,585,220,8,2023,0,2023-08-01,0.005025125628140704,0.0,0.0,0.0
12,0,0,0,1393,586,221,8,2023,0,2023-08-01,0.008614501076812634,0.0,0.0,0.0
6,0,0,0,1393,587,222,8,2023,0,2023-08-01,0.004307250538406317,0.0,0.0,0.0
17,0,0,0,1393,588,223,8,2023,0,2023-08-01,0.012203876525484566,0.0,0.0,0.0
8,0,0,0,1393,589,224,8,2023,0,2023-08-01,0.00574300071787509,0.0,0.0,0.0
9,0,0,0,1393,590,225,8,2023,0,2023-08-01,0.006460875807609476,0.0,0.0,0.0
8,0,0,0,1393,591,226,8,2023,0,2023-08-01,0.00574300071787509,0.0,0.0,0.0
4,0,0,0,1393,592,227,8,2023,0,2023-08-01,0.002871500358937545,0.0,0.0,0.0
11,0,0,0,1393,593,228,8,2023,0,2023-08-01,0.007896625987078248,0.0,0.0,0.0
7,0,0,0,1394,594,229,8,2023,0,2023-08-01,0.005021520803443328,0.0,0.0,0.0
10,0,0,0,1394,595,230,8,2023,0,2023-08-01,0.007173601147776184,0.0,0.0,0.0
11,0,0,0,1394,596,231,8,2023,0,2023-08-01,0.007890961262553802,0.0,0.0,0.0
12,0,0,0,1394,597,232,8,2023,0,2023-08-01,0.00860832137733142,0.0,0.0,0.0
5,0,0,0,1394,598,233,8,2023,0,2023-08-01,0.003586800573888092,0.0,0.0,0.0
10,0,0,0,1394,599,234,8,2023,0,2023-08-01,0.007173601147776184,0.0,0.0,0.0
9,0,0,0,1395,600,235,8,2023,0,2023-08-01,0.0064516129032258064,0.0,0.0,0.0
7,0,0,0,1395,601,236,8,2023,0,2023-08-01,0.005017921146953405,0.0,0.0,0.0
7,0,0,0,1395,602,237,8,2023,0,2023-08-01,0.005017921146953405,0.0,0.0,0.0
8,0,0,0,1395,603,238,8,2023,0,2023-08-01,0.005734767025089606,0.0,0.0,0.0
10,0,0,0,1396,604,239,8,2023,0,2023-08-01,0.0071633237822349575,0.0,0.0,0.0
6,0,0,0,1396,605,240,8,2023,0,2023-08-01,0.004297994269340974,0.0,0.0,0.0
9,0,0,0,1396,606,241,8,2023,0,2023-08-01,0.0064469914040114614,0.0,0.0,0.0
10,0,0,0,1395,607,242,8,2023,0,2023-08-01,0.007168458781362007,0.0,0.0,0.0
11,0,0,0,1395,608,243,9,2023,0,2023-09-01,0.007885304659498209,0.0,0.0,0.0
9,0,0,0,1394,609,244,9,2023,0,2023-09-01,0.006456241032998565,0.0,0.0,0.0
7,0,0,0,1393,610,245,9,2023,0,2023-09-01,0.005025125628140704,0.0,0.0,0.0
10,0,0,0,1393,611,246,9,2023,0,2023-09-01,0.007178750897343862,0.0,0.0,0.0
8,0,0,0,1393,612,247,9,2023,0,2023-09-01,0.00574300071787509,0.0,0.0,0.0
1,0,0,0,1393,613,248,9,2023,0,2023-09-01,0.0007178750897343862,0.0,0.0,0.0
13,0,0,0,1393,614,249,9,2023,0,2023-09-01,0.00933237616654702,0.0,0.0,0.0
7,0,0,0,1394,615,250,9,2023,0,2023-09-01,0.005021520803443328,0.0,0.0,0.0
8,0,0,0,1394,616,251,9,2023,0,2023-09-01,0.005738880918220947,0.0,0.0,0.0
5,0,0,0,1394,617,252,9,2023,0,2023-09-01,0.003586800573888092,0.0,0.0,0.0
11,0,0,0,1394,618,253,9,2023,0,2023-09-01,0.007890961262553802,0.0,0.0,0.0
8,0,0,0,1394,619,254,9,2023,0,2023-09-01,0.005738880918220947,0.0,0.0,0.0
6,0,0,0,1394,620,255,9,2023,0,2023-09-01,0.00430416068866571,0.0,0.0,0.0
12,0,0,0,1393,621,256,9,2023,0,2023-09-01,0.008614501076812634,0.0,0.0,0.0
6,0,0,0,1394,622,257,9,2023,0,2023-09-01,0.00430416068866571,0.0,0.0,0.0
9,0,0,0,1394,623,258,9,2023,0,2023-09-01,0.006456241032998565,0.0,0.0,0.0
8,0,0,0,1393,624,259,9,2023,0,2023-09-01,0.00574300071787509,0.0,0.0,0.0
6,0,0,0,1394,625,260,9,2023,0,2023-09-01,0.00430416068866571,0.0,0.0,0.0
8,0,0,0,1395,626,261,9,2023,0,2023-09-01,0.005734767025089606,0.0,0.0,0.0
8,0,0,0,1396,627,262,9,2023,0,2023-09-01,0.0057306590257879654,0.0,0.0,0.0
5,0,0,0,1396,628,263,9,2023,0,2023-09-01,0.0035816618911174787,0.0,0.0,0.0
9,0,0,0,1396,629,264,9,2023,0,2023-09-01,0.0064469914040114614,0.0,0.0,0.0
5,0,0,0,1396,630,265,9,2023,0,2023-09-01,0.0035816618911174787,0.0,0.0,0.0
9,0,0,0,1396,631,266,9,2023,0,2023-09-01,0.0064469914040114614,0.0,0.0,0.0
6,0,0,0,1396,632,267,9,2023,0,2023-09-01,0.004297994269340974,0.0,0.0,0.0
8,0,0,0,1396,633,268,9,2023,0,2023-09-01,0.0057306590257879654,0.0,0.0,0.0
9,0,0,0,1397,634,269,9,2023,0,2023-09-01,0.006442376521116679,0.0,0.0,0.0
11,0,0,0,1397,635,270,9,2023,0,2023-09-01,0.007874015748031496,0.0,0.0,0.0
12,0,0,0,1397,636,271,9,2023,0,2023-09-01,0.008589835361488905,0.0,0.0,0.0
10,0,0,0,1398,637,272,9,2023,0,2023-09-01,0.00715307582260372,0.0,0.0,0.0
5,0,0,0,1398,638,273,10,2023,0,2023-10-01,0.00357653791130186,0.0,0.0,0.0
11,0,0,0,1398,639,274,10,2023,0,2023-10-01,0.007868383404864092,0.0,0.0,0.0
12,0,0,0,1398,640,275,10,2023,0,2023-10-01,0.008583690987124463,0.0,0.0,0.0
10,0,0,0,1398,641,276,10,2023,0,2023-10-01,0.00715307582260372,0.0,0.0,0.0
14,0,0,0,1398,642,277,10,2023,0,2023-10-01,0.010014306151645207,0.0,0.0,0.0
7,0,0,0,1398,643,278,10,2023,0,2023-10-01,0.005007153075822604,0.0,0.0,0.0
4,0,0,0,1398,644,279,10,2023,0,2023-10-01,0.002861230329041488,0.0,0.0,0.0
4,0,0,0,1398,645,280,10,2023,0,2023-10-01,0.002861230329041488,0.0,0.0,0.0
11,0,0,0,1398,646,281,10,2023,0,2023-10-01,0.007868383404864092,0.0,0.0,0.0
9,0,0,0,1397,647,282,10,2023,0,2023-10-01,0.006442376521116679,0.0,0.0,0.0
8,0,0,0,1398,648,283,10,2023,0,2023-10-01,0.005722460658082976,0.0,0.0,0.0
9,0,0,0,1397,649,284,10,2023,0,2023-10-01,0.006442376521116679,0.0,0.0,0.0
12,0,0,0,1397,650,285,10,2023,0,2023-10-01,0.008589835361488905,0.0,0.0,0.0
15,0,0,0,1396,651,286,10,2023,0,2023-10-01,0.010744985673352435,0.0,0.0,0.0
7,0,0,0,1396,652,287,10,2023,0,2023-10-01,0.00501432664756447,0.0,0.0,0.0
8,0,0,0,1396,653,288,10,2023,0,2023-10-01,0.0057306590257879654,0.0,0.0,0.0
13,0,0,0,1396,654,289,10,2023,0,2023-10-01,0.009312320916905445,0.0,0.0,0.0
6,0,0,0,1396,655,290,10,2023,0,2023-10-01,0.004297994269340974,0.0,0.0,0.0
6,0,0,0,1396,656,291,10,2023,0,2023-10-01,0.004297994269340974,0.0,0.0,0.0
11,0,0,0,1395,657,292,10,2023,0,2023-10-01,0.007885304659498209,0.0,0.0,0.0
9,0,0,0,1395,658,293,10,2023,0,2023-10-01,0.0064516129032258064,0.0,0.0,0.0
10,0,0,0,1395,659,294,10,2023,0,2023-10-01,0.007168458781362007,0.0,0.0,0.0
14,0,0,0,1394,660,295,10,2023,0,2023-10-01,0.010043041606886656,0.0,0.0,0.0
8,0,0,0,1394,661,296,10,2023,0,2023-10-01,0.005738880918220947,0.0,0.0,0.0
19,0,0,0,1394,662,297,10,2023,0,2023-10-01,0.013629842180774749,0.0,0.0,0.0
7,0,0,0,1394,663,298,10,2023,0,2023-10-01,0.005021520803443328,0.0,0.0,0.0
9,0,0,0,1394,664,299,10,2023,0,2023-10-01,0.006456241032998565,0.0,0.0,0.0
13,0,0,0,1395,665,300,10,2023,0,2023-10-01,0.00931899641577061,0.0,0.0,0.0
8,0,0,0,1395,666,301,10,2023,0,2023-10-01,0.005734767025089606,0.0,0.0,0.0
12,0,0,0,1395,667,302,10,2023,0,2023-10-01,0.008602150537634409,0.0,0.0,0.0
11,0,0,0,1395,668,303,10,2023,0,2023-10-01,0.007885304659498209,0.0,0.0,0.0
11,0,0,0,1396,669,304,11,2023,0,2023-11-01,0.007879656160458453,0.0,0.0,0.0
14,0,0,0,1396,670,305,11,2023,0,2023-11-01,0.01002865329512894,0.0,0.0,0.0
8,0,0,0,1396,671,306,11,2023,0,2023-11-01,0.0057306590257879654,0.0,0.0,0.0
6,0,0,0,1396,672,307,11,2023,0,2023-11-01,0.004297994269340974,0.0,0.0,0.0
9,0,0,0,1396,673,308,11,2023,0,2023-11-01,0.0064469914040114614,0.0,0.0,0.0
9,0,0,0,1395,674,309,11,2023,0,2023-11-01,0.0064516129032258064,0.0,0.0,0.0
13,0,0,0,1395,675,310,11,2023,0,2023-11-01,0.00931899641577061,0.0,0.0,0.0
11,0,0,0,1394,676,311,11,2023,0,2023-11-01,0.007890961262553802,0.0,0.0,0.0
7,0,0,0,1394,677,312,11,2023,0,2023-11-01,0.005021520803443328,0.0,0.0,0.0
11,0,0,0,1394,678,313,11,2023,0,2023-11-01,0.007890961262553802,0.0,0.0,0.0
11,0,0,0,1394,679,314,11,2023,0,2023-11-01,0.007890961262553802,0.0,0.0,0.0
12,0,0,0,1394,680,315,11,2023,0,2023-11-01,0.00860832137733142,0.0,0.0,0.0
15,0,0,0,1394,681,316,11,2023,0,2023-11-01,0.010760401721664276,0.0,0.0,0.0
9,0,0,0,1394,682,317,11,2023,0,2023-11-01,0.006456241032998565,0.0,0.0,0.0
10,0,0,0,1393,683,318,11,2023,0,2023-11-01,0.007178750897343862,0.0,0.0,0.0
11,0,0,0,1393,684,319,11,2023,0,2023-11-01,0.007896625987078248,0.0,0.0,0.0
9,0,0,0,1393,685,320,11,2023,0,2023-11-01,0.006460875807609476,0.0,0.0,0.0
12,0,0,0,1393,686,321,11,2023,0,2023-11-01,0.008614501076812634,0.0,0.0,0.0
11,0,0,0,1393,687,322,11,2023,0,2023-11-01,0.007896625987078248,0.0,0.0,0.0
8,0,0,0,1393,688,323,11,2023,0,2023-11-01,0.00574300071787509,0.0,0.0,0.0
11,0,0,0,1393,689,324,11,2023,0,2023-11-01,0.007896625987078248,0.0,0.0,0.0
12,0,0,0,1393,690,325,11,2023,0,2023-11-01,0.008614501076812634,0.0,0.0,0.0
7,0,0,0,1393,691,326,11,2023,0,2023-11-01,0.005025125628140704,0.0,0.0,0.0
7,0,0,0,1393,692,327,11,2023,0,2023-11-01,0.005025125628140704,0.0,0.0,0.0
12,0,0,0,1393,693,328,11,2023,0,2023-11-01,0.008614501076812634,0.0,0.0,0.0
15,0,0,0,1393,694,329,11,2023,0,2023-11-01,0.010768126346015794,0.0,0.0,0.0
18,0,0,0,1393,695,330,11,2023,0,2023-11-01,0.012921751615218953,0.0,0.0,0.0
13,0,0,0,1393,696,331,11,2023,0,2023-11-01,0.00933237616654702,0.0,0.0,0.0
11,0,0,0,1393,697,332,11,2023,0,2023-11-01,0.007896625987078248,0.0,0.0,0.0
14,0,0,0,1393,698,333,11,2023,0,2023-11-01,0.010050251256281407,0.0,0.0,0.0
8,0,0,0,1393,699,334,12,2023,0,2023-12-01,0.00574300071787509,0.0,0.0,0.0
8,0,0,0,1393,700,335,12,2023,0,2023-12-01,0.00574300071787509,0.0,0.0,0.0
14,0,0,0,1393,701,336,12,2023,0,2023-12-01,0.010050251256281407,0.0,0.0,0.0
11,0,0,0,1393,702,337,12,2023,0,2023-12-01,0.007896625987078248,0.0,0.0,0.0
7,0,0,0,1393,703,338,12,2023,0,2023-12-01,0.005025125628140704,0.0,0.0,0.0
11,0,0,0,1393,704,339,12,2023,0,2023-12-01,0.007896625987078248,0.0,0.0,0.0
9,0,0,0,1393,705,340,12,2023,0,2023-12-01,0.006460875807609476,0.0,0.0,0.0
5,0,0,0,1393,706,341,12,2023,0,2023-12-01,0.003589375448671931,0.0,0.0,0.0
9,0,0,0,1392,707,342,12,2023,0,2023-12-01,0.00646551724137931,0.0,0.0,0.0
14,0,0,0,1393,708,343,12,2023,0,2023-12-01,0.010050251256281407,0.0,0.0,0.0
8,0,0,0,1393,709,344,12,2023,0,2023-12-01,0.00574300071787509,0.0,0.0,0.0
12,0,0,0,1394,710,345,12,2023,0,2023-12-01,0.00860832137733142,0.0,0.0,0.0
12,0,0,0,1394,711,346,12,2023,0,2023-12-01,0.00860832137733142,0.0,0.0,0.0
11,0,0,0,1394,712,347,12,2023,0,2023-12-01,0.007890961262553802,0.0,0.0,0.0
6,0,0,0,1393,713,348,12,2023,0,2023-12-01,0.004307250538406317,0.0,0.0,0.0
18,0,0,0,1392,714,349,12,2023,0,2023-12-01,0.01293103448275862,0.0,0.0,0.0
16,0,0,0,1392,715,350,12,2023,0,2023-12-01,0.011494252873563218,0.0,0.0,0.0
10,0,0,0,1392,716,351,12,2023,0,2023-12-01,0.007183908045977011,0.0,0.0,0.0
12,0,0,0,1392,717,352,12,2023,0,2023-12-01,0.008620689655172414,0.0,0.0,0.0
9,0,0,0,1392,718,353,12,2023,0,2023-12-01,0.00646551724137931,0.0,0.0,0.0
11,0,0,0,1392,719,354,12,2023,0,2023-12-01,0.007902298850574713,0.0,0.0,0.0
10,0,0,0,1393,720,355,12,2023,0,2023-12-01,0.007178750897343862,0.0,0.0,0.0
9,0,0,0,1392,721,356,12,2023,0,2023-12-01,0.00646551724137931,0.0,0.0,0.0
10,0,0,0,1392,722,357,12,2023,0,2023-12-01,0.007183908045977011,0.0,0.0,0.0
6,0,0,0,1391,723,358,12,2023,0,2023-12-01,0.004313443565780014,0.0,0.0,0.0
11,0,0,0,1391,724,359,12,2023,0,2023-12-01,0.007907979870596693,0.0,0.0,0.0
12,0,0,0,1391,725,360,12,2023,0,2023-12-01,0.008626887131560028,0.0,0.0,0.0
11,0,0,0,1391,726,361,12,2023,0,2023-12-01,0.007907979870596693,0.0,0.0,0.0
15,0,0,0,1391,727,362,12,2023,0,2023-12-01,0.010783608914450037,0.0,0.0,0.0
17,0,0,0,1390,728,363,12,2023,0,2023-12-01,0.01223021582733813,0.0,0.0,0.0
9,0,0,0,1390,729,364,12,2023,0,2023-12-01,0.006474820143884892,0.0,0.0,0.0
11,0,0,0,1390,730,0,1,2024,0,2024-01-01,0.007913669064748202,0.0,0.0,0.0
21,0,0,0,1389,731,1,1,2024,0,2024-01-01,0.01511879049676026,0.0,0.0,0.0
13,0,0,0,1388,732,2,1,2024,0,2024-01-01,0.009365994236311239,0.0,0.0,0.0
6,0,0,0,1388,733,3,1,2024,0,2024-01-01,0.004322766570605188,0.0,0.0,0.0
12,0,0,0,1388,734,4,1,2024,0,2024-01-01,0.008645533141210375,0.0,0.0,0.0
7,0,0,0,1388,735,5,1,2024,0,2024-01-01,0.005043227665706052,0.0,0.0,0.0
11,0,0,0,1388,736,6,1,2024,0,2024-01-01,0.00792507204610951,0.0,0.0,0.0
9,0,0,0,1388,737,7,1,2024,0,2024-01-01,0.006484149855907781,0.0,0.0,0.0
7,0,0,0,1388,738,8,1,2024,0,2024-01-01,0.005043227665706052,0.0,0.0,0.0
12,0,0,0,1388,739,9,1,2024,0,2024-01-01,0.008645533141210375,0.0,0.0,0.0
7,0,0,0,1388,740,10,1,2024,0,2024-01-01,0.005043227665706052,0.0,0.0,0.0
6,0,0,0,1388,741,11,1,2024,0,2024-01-01,0.004322766570605188,0.0,0.0,0.0
14,0,0,0,1388,742,12,1,2024,0,2024-01-01,0.010086455331412104,0.0,0.0,0.0
4,0,0,0,1388,743,13,1,2024,0,2024-01-01,0.002881844380403458,0.0,0.0,0.0
10,0,0,0,1388,744,14,1,2024,0,2024-01-01,0.007204610951008645,0.0,0.0,0.0
8,0,0,0,1388,745,15,1,2024,0,2024-01-01,0.005763688760806916,0.0,0.0,0.0
15,0,0,0,1388,746,16,1,2024,0,2024-01-01,0.010806916426512969,0.0,0.0,0.0
7,0,0,0,1388,747,17,1,2024,0,2024-01-01,0.005043227665706052,0.0,0.0,0.0
7,0,0,0,1388,748,18,1,2024,0,2024-01-01,0.005043227665706052,0.0,0.0,0.0
11,0,0,0,1388,749,19,1,2024,0,2024-01-01,0.00792507204610951,0.0,0.0,0.0
13,0,0,0,1389,750,20,1,2024,0,2024-01-01,0.009359251259899209,0.0,0.0,0.0
10,0,0,0,1389,751,21,1,2024,0,2024-01-01,0.007199424046076314,0.0,0.0,0.0
6,0,0,0,1389,752,22,1,2024,0,2024-01-01,0.004319654427645789,0.0,0.0,0.0
6,0,0,0,1389,753,23,1,2024,0,2024-01-01,0.004319654427645789,0.0,0.0,0.0
10,0,0,0,1389,754,24,1,2024,0,2024-01-01,0.007199424046076314,0.0,0.0,0.0
13,0,0,0,1388,755,25,1,2024,0,2024-01-01,0.009365994236311239,0.0,0.0,0.0
6,0,0,0,1388,756,26,1,2024,0,2024-01-01,0.004322766570605188,0.0,0.0,0.0
13,0,0,0,1388,757,27,1,2024,0,2024-01-01,0.009365994236311239,0.0,0.0,0.0
6,0,0,0,1389,758,28,1,2024,0,2024-01-01,0.004319654427645789,0.0,0.0,0.0
14,0,0,0,1389,759,29,1,2024,0,2024-01-01,0.010079193664506839,0.0,0.0,0.0
8,0,0,0,1388,760,30,1,2024,0,2024-01-01,0.005763688760806916,0.0,0.0,0.0
9,0,0,0,1388,761,31,2,2024,0,2024-02-01,0.006484149855907781,0.0,0.0,0.0
15,0,0,0,1388,762,32,2,2024,0,2024-02-01,0.010806916426512969,0.0,0.0,0.0
8,0,0,0,1388,763,33,2,2024,0,2024-02-01,0.005763688760806916,0.0,0.0,0.0
8,0,0,0,1389,764,34,2,2024,0,2024-02-01,0.005759539236861051,0.0,0.0,0.0
10,0,0,0,1389,765,35,2,2024,0,2024-02-01,0.007199424046076314,0.0,0.0,0.0
12,0,0,0,1389,766,36,2,2024,0,2024-02-01,0.008639308855291577,0.0,0.0,0.0
6,0,0,0,1389,767,37,2,2024,0,2024-02-01,0.004319654427645789,0.0,0.0,0.0
5,0,0,0,1390,768,38,2,2024,0,2024-02-01,0.0035971223021582736,0.0,0.0,0.0
11,0,0,0,1390,769,39,2,2024,0,2024-02-01,0.007913669064748202,0.0,0.0,0.0
9,0,0,0,1390,770,40,2,2024,0,2024-02-01,0.006474820143884892,0.0,0.0,0.0
9,0,0,0,1390,771,41,2,2024,0,2024-02-01,0.006474820143884892,0.0,0.0,0.0
3,0,0,0,1390,772,42,2,2024,0,2024-02-01,0.002158273381294964,0.0,0.0,0.0
15,0,0,0,1390,773,43,2,2024,0,2024-02-01,0.01079136690647482,0.0,0.0,0.0
14,0,0,0,1390,774,44,2,2024,0,2024-02-01,0.010071942446043165,0.0,0.0,0.0
11,0,0,0,1390,775,45,2,2024,0,2024-02-01,0.007913669064748202,0.0,0.0,0.0
12,0,0,0,1390,776,46,2,2024,0,2024-02-01,0.008633093525179856,0.0,0.0,0.0
12,0,0,0,1390,777,47,2,2024,0,2024-02-01,0.008633093525179856,0.0,0.0,0.0
9,0,0,0,1390,778,48,2,2024,0,2024-02-01,0.006474820143884892,0.0,0.0,0.0
6,0,0,0,1390,779,49,2,2024,0,2024-02-01,0.004316546762589928,0.0,0.0,0.0
16,0,0,0,1391,780,50,2,2024,0,2024-02-01,0.011502516175413372,0.0,0.0,0.0
9,0,0,0,1393,781,51,2,2024,0,2024-02-01,0.006460875807609476,0.0,0.0,0.0
8,0,0,0,1393,782,52,2,2024,0,2024-02-01,0.00574300071787509,0.0,0.0,0.0
5,0,0,0,1393,783,53,2,2024,0,2024-02-01,0.003589375448671931,0.0,0.0,0.0
3,0,0,0,1393,784,54,2,2024,0,2024-02-01,0.0021536252692031586,0.0,0.0,0.0
11,0,0,0,1393,785,55,2,2024,0,2024-02-01,0.007896625987078248,0.0,0.0,0.0
16,0,0,0,1393,786,56,2,2024,0,2024-02-01,0.01148600143575018,0.0,0.0,0.0
5,0,0,0,1393,787,57,2,2024,0,2024-02-01,0.003589375448671931,0.0,0.0,0.0
7,0,0,0,1393,788,58,2,2024,0,2024-02-01,0.005025125628140704,0.0,0.0,0.0
12,0,0,0,1393,789,59,3,2024,0,2024-03-01,0.008614501076812634,0.0,0.0,0.0
4,0,0,0,1392,790,60,3,2024,0,2024-03-01,0.0028735632183908046,0.0,0.0,0.0
10,0,0,0,1392,791,61,3,2024,0,2024-03-01,0.007183908045977011,0.0,0.0,0.0
6,0,0,0,1392,792,62,3,2024,0,2024-03-01,0.004310344827586207,0.0,0.0,0.0
7,0,0,0,1391,793,63,3,2024,0,2024-03-01,0.0050323508267433505,0.0,0.0,0.0
8,0,0,0,1391,794,64,3,2024,0,2024-03-01,0.005751258087706686,0.0,0.0,0.0
6,0,0,0,1390,795,65,3,2024,0,2024-03-01,0.004316546762589928,0.0,0.0,0.0
8,0,0,0,1390,796,66,3,2024,0,2024-03-01,0.0057553956834532375,0.0,0.0,0.0
8,0,0,0,1390,797,67,3,2024,0,2024-03-01,0.0057553956834532375,0.0,0.0,0.0
4,0,0,0,1389,798,68,3,2024,0,2024-03-01,0.0028797696184305254,0.0,0.0,0.0
7,0,0,0,1389,799,69,3,2024,0,2024-03-01,0.005039596832253419,0.0,0.0,0.0
10,0,0,0,1389,800,70,3,2024,0,2024-03-01,0.007199424046076314,0.0,0.0,0.0
4,0,0,0,1389,801,71,3,2024,0,2024-03-01,0.0028797696184305254,0.0,0.0,0.0
11,0,0,0,1389,802,72,3,2024,0,2024-03-01,0.007919366450683946,0.0,0.0,0.0
17,0,0,0,1389,803,73,3,2024,0,2024-03-01,0.012239020878329733,0.0,0.0,0.0
12,0,0,0,1390,804,74,3,2024,0,2024-03-01,0.008633093525179856,0.0,0.0,0.0
10,0,0,0,1390,805,75,3,2024,0,2024-03-01,0.007194244604316547,0.0,0.0,0.0
12,0,0,0,1390,806,76,3,2024,0,2024-03-01,0.008633093525179856,0.0,0.0,0.0
15,0,0,0,1390,807,77,3,2024,0,2024-03-01,0.01079136690647482,0.0,0.0,0.0
11,0,0,0,1390,808,78,3,2024,0,2024-03-01,0.007913669064748202,0.0,0.0,0.0
8,0,0,0,1390,809,79,3,2024,0,2024-03-01,0.0057553956834532375,0.0,0.0,0.0
6,0,0,0,1390,810,80,3,2024,0,2024-03-01,0.004316546762589928,0.0,0.0,0.0
8,0,0,0,1390,811,81,3,2024,0,2024-03-01,0.0057553956834532375,0.0,0.0,0.0
6,0,0,0,1391,812,82,3,2024,0,2024-03-01,0.004313443565780014,0.0,0.0,0.0
7,0,0,0,1391,813,83,3,2024,0,2024-03-01,0.0050323508267433505,0.0,0.0,0.0
9,0,0,0,1391,814,84,3,2024,0,2024-03-01,0.006470165348670022,0.0,0.0,0.0
13,0,0,0,1392,815,85,3,2024,0,2024-03-01,0.009339080459770116,0.0,0.0,0.0
8,0,0,0,1392,816,86,3,2024,0,2024-03-01,0.005747126436781609,0.0,0.0,0.0
16,0,0,0,1392,817,87,3,2024,0,2024-03-01,0.011494252873563218,0.0,0.0,0.0
5,0,0,0,1392,818,88,3,2024,0,2024-03-01,0.0035919540229885057,0.0,0.0,0.0
5,0,0,0,1392,819,89,3,2024,0,2024-03-01,0.0035919540229885057,0.0,0.0,0.0
13,0,0,0,1392,820,90,4,2024,0,2024-04-01,0.009339080459770116,0.0,0.0,0.0
6,0,0,0,1392,821,91,4,2024,0,2024-04-01,0.004310344827586207,0.0,0.0,0.0
6,0,0,0,1392,822,92,4,2024,0,2024-04-01,0.004310344827586207,0.0,0.0,0.0
18,0,0,0,1392,823,93,4,2024,0,2024-04-01,0.01293103448275862,0.0,0.0,0.0
5,0,0,0,1392,824,94,4,2024,0,2024-04-01,0.0035919540229885057,0.0,0.0,0.0
16,0,0,0,1392,825,95,4,2024,0,2024-04-01,0.011494252873563218,0.0,0.0,0.0
7,0,0,0,1392,826,96,4,2024,0,2024-04-01,0.005028735632183908,0.0,0.0,0.0
12,0,0,0,1392,827,97,4,2024,0,2024-04-01,0.008620689655172414,0.0,0.0,0.0
9,0,0,0,1392,828,98,4,2024,0,2024-04-01,0.00646551724137931,0.0,0.0,0.0
9,0,0,0,1392,829,99,4,2024,0,2024-04-01,0.00646551724137931,0.0,0.0,0.0
6,0,0,0,1392,830,100,4,2024,0,2024-04-01,0.004310344827586207,0.0,0.0,0.0
8,0,0,0,1392,831,101,4,2024,0,2024-04-01,0.005747126436781609,0.0,0.0,0.0
6,0,0,0,1392,832,102,4,2024,0,2024-04-01,0.004310344827586207,0.0,0.0,0.0
9,0,0,0,1391,833,103,4,2024,0,2024-04-01,0.006470165348670022,0.0,0.0,0.0
15,0,0,0,1391,834,104,4,2024,0,2024-04-01,0.010783608914450037,0.0,0.0,0.0
10,0,0,0,1391,835,105,4,2024,0,2024-04-01,0.007189072609633357,0.0,0.0,0.0
9,0,0,0,1391,836,106,4,2024,0,2024-04-01,0.006470165348670022,0.0,0.0,0.0
18,0,0,0,1391,837,107,4,2024,0,2024-04-01,0.012940330697340043,0.0,0.0,0.0
12,0,0,0,1391,838,108,4,2024,0,2024-04-01,0.008626887131560028,0.0,0.0,0.0
16,0,0,0,1391,839,109,4,2024,0,2024-04-01,0.011502516175413372,0.0,0.0,0.0
9,0,0,0,1391,840,110,4,2024,0,2024-04-01,0.006470165348670022,0.0,0.0,0.0
8,0,0,0,1391,841,111,4,2024,0,2024-04-01,0.005751258087706686,0.0,0.0,0.0
10,0,0,0,1391,842,112,4,2024,0,2024-04-01,0.007189072609633357,0.0,0.0,0.0
9,0,0,0,1391,843,113,4,2024,0,2024-04-01,0.006470165348670022,0.0,0.0,0.0
10,0,0,0,1391,844,114,4,2024,0,2024-04-01,0.007189072609633357,0.0,0.0,0.0
10,0,0,0,1392,845,115,4,2024,0,2024-04-01,0.007183908045977011,0.0,0.0,0.0
8,0,0,0,1392,846,116,4,2024,0,2024-04-01,0.005747126436781609,0.0,0.0,0.0
7,0,0,0,1392,847,117,4,2024,0,2024-04-01,0.005028735632183908,0.0,0.0,0.0
6,0,0,0,1392,848,118,4,2024,0,2024-04-01,0.004310344827586207,0.0,0.0,0.0
19,0,0,0,1392,849,119,4,2024,0,2024-04-01,0.013649425287356323,0.0,0.0,0.0
6,0,0,0,1392,850,120,5,2024,0,2024-05-01,0.004310344827586207,0.0,0.0,0.0
14,0,0,0,1392,851,121,5,2024,0,2024-05-01,0.010057471264367816,0.0,0.0,0.0
15,0,0,0,1392,852,122,5,2024,0,2024-05-01,0.010775862068965518,0.0,0.0,0.0
10,0,0,0,1392,853,123,5,2024,0,2024-05-01,0.007183908045977011,0.0,0.0,0.0
13,0,0,0,1392,854,124,5,2024,0,2024-05-01,0.009339080459770116,0.0,0.0,0.0
8,0,0,0,1392,855,125,5,2024,0,2024-05-01,0.005747126436781609,0.0,0.0,0.0
7,0,0,0,1392,856,126,5,2024,0,2024-05-01,0.005028735632183908,0.0,0.0,0.0
13,0,0,0,1392,857,127,5,2024,0,2024-05-01,0.009339080459770116,0.0,0.0,0.0
15,0,0,0,1392,858,128,5,2024,0,2024-05-01,0.010775862068965518,0.0,0.0,0.0
13,0,0,0,1392,859,129,5,2024,0,2024-05-01,0.009339080459770116,0.0,0.0,0.0
10,0,0,0,1392,860,130,5,2024,0,2024-05-01,0.007183908045977011,0.0,0.0,0.0
10,0,0,0,1393,861,131,5,2024,0,2024-05-01,0.007178750897343862,0.0,0.0,0.0
6,0,0,0,1393,862,132,5,2024,0,2024-05-01,0.004307250538406317,0.0,0.0,0.0
12,0,0,0,1394,863,133,5,2024,0,2024-05-01,0.00860832137733142,0.0,0.0,0.0
9,0,0,0,1394,864,134,5,2024,0,2024-05-01,0.006456241032998565,0.0,0.0,0.0
10,0,0,0,1394,865,135,5,2024,0,2024-05-01,0.007173601147776184,0.0,0.0,0.0
7,0,0,0,1394,866,136,5,2024,0,2024-05-01,0.005021520803443328,0.0,0.0,0.0
14,0,0,0,1394,867,137,5,2024,0,2024-05-01,0.010043041606886656,0.0,0.0,0.0
5,0,0,0,1394,868,138,5,2024,0,2024-05-01,0.003586800573888092,0.0,0.0,0.0
9,0,0,0,1394,869,139,5,2024,0,2024-05-01,0.006456241032998565,0.0,0.0,0.0
14,0,0,0,1394,870,140,5,2024,0,2024-05-01,0.010043041606886656,0.0,0.0,0.0
16,0,0,0,1394,871,141,5,2024,0,2024-05-01,0.011477761836441894,0.0,0.0,0.0
11,0,0,0,1393,872,142,5,2024,0,2024-05-01,0.007896625987078248,0.0,0.0,0.0
5,0,0,0,1393,873,143,5,2024,0,2024-05-01,0.003589375448671931,0.0,0.0,0.0
15,0,0,0,1393,874,144,5,2024,0,2024-05-01,0.010768126346015794,0.0,0.0,0.0
16,0,0,0,1393,875,145,5,2024,0,2024-05-01,0.01148600143575018,0.0,0.0,0.0
15,0,0,0,1393,876,146,5,2024,0,2024-05-01,0.010768126346015794,0.0,0.0,0.0
16,0,0,0,1393,877,147,5,2024,0,2024-05-01,0.01148600143575018,0.0,0.0,0.0
11,0,0,0,1393,878,148,5,2024,0,2024-05-01,0.007896625987078248,0.0,0.0,0.0
11,0,0,0,1393,879,149,5,2024,0,2024-05-01,0.007896625987078248,0.0,0.0,0.0
16,0,0,0,1393,880,150,5,2024,0,2024-05-01,0.01148600143575018,0.0,0.0,0.0
11,0,0,0,1393,881,151,6,2024,0,2024-06-01,0.007896625987078248,0.0,0.0,0.0
10,0,0,0,1394,882,152,6,2024,0,2024-06-01,0.007173601147776184,0.0,0.0,0.0
12,0,0,0,1393,883,153,6,2024,0,2024-06-01,0.008614501076812634,0.0,0.0,0.0
16,0,0,0,1393,884,154,6,2024,0,2024-06-01,0.01148600143575018,0.0,0.0,0.0
12,0,0,0,1393,885,155,6,2024,0,2024-06-01,0.008614501076812634,0.0,0.0,0.0
10,0,0,0,1393,886,156,6,2024,0,2024-06-01,0.007178750897343862,0.0,0.0,0.0
11,0,0,0,1393,887,157,6,2024,0,2024-06-01,0.007896625987078248,0.0,0.0,0.0
12,0,0,0,1393,888,158,6,2024,0,2024-06-01,0.008614501076812634,0.0,0.0,0.0
7,0,0,0,1392,889,159,6,2024,0,2024-06-01,0.005028735632183908,0.0,0.0,0.0
9,0,0,0,1392,890,160,6,2024,0,2024-06-01,0.00646551724137931,0.0,0.0,0.0
8,0,0,0,1392,891,161,6,2024,0,2024-06-01,0.005747126436781609,0.0,0.0,0.0
10,0,0,0,1392,892,162,6,2024,0,2024-06-01,0.007183908045977011,0.0,0.0,0.0
11,0,0,0,1392,893,163,6,2024,0,2024-06-01,0.007902298850574713,0.0,0.0,0.0
21,0,0,0,1392,894,164,6,2024,0,2024-06-01,0.015086206896551725,0.0,0.0,0.0
5,0,0,0,1392,895,165,6,2024,0,2024-06-01,0.0035919540229885057,0.0,0.0,0.0
6,0,0,0,1393,896,166,6,2024,0,2024-06-01,0.004307250538406317,0.0,0.0,0.0
4,0,0,0,1393,897,167,6,2024,0,2024-06-01,0.002871500358937545,0.0,0.0,0.0
9,0,0,0,1393,898,168,6,2024,0,2024-06-01,0.006460875807609476,0.0,0.0,0.0
11,0,0,0,1393,899,169,6,2024,0,2024-06-01,0.007896625987078248,0.0,0.0,0.0
13,0,0,0,1393,900,170,6,2024,0,2024-06-01,0.00933237616654702,0.0,0.0,0.0
8,0,0,0,1393,901,171,6,2024,0,2024-06-01,0.00574300071787509,0.0,0.0,0.0
10,0,0,0,1393,902,172,6,2024,0,2024-06-01,0.007178750897343862,0.0,0.0,0.0
12,0,0,0,1393,903,173,6,2024,0,2024-06-01,0.008614501076812634,0.0,0.0,0.0
10,0,0,0,1393,904,174,6,2024,0,2024-06-01,0.007178750897343862,0.0,0.0,0.0
10,0,0,0,1393,905,175,6,2024,0,2024-06-01,0.007178750897343862,0.0,0.0,0.0
10,0,0,0,1393,906,176,6,2024,0,2024-06-01,0.007178750897343862,0.0,0.0,0.0
12,0,0,0,1393,907,177,6,2024,0,2024-06-01,0.008614501076812634,0.0,0.0,0.0
13,0,0,0,1393,908,178,6,2024,0,2024-06-01,0.00933237616654702,0.0,0.0,0.0
7,0,0,0,1393,909,179,6,2024,0,2024-06-01,0.005025125628140704,0.0,0.0,0.0
10,0,0,0,1393,910,180,6,2024,0,2024-06-01,0.007178750897343862,0.0,0.0,0.0
14,0,0,0,1393,911,181,7,2024,0,2024-07-01,0.010050251256281407,0.0,0.0,0.0
14,0,0,0,1393,912,182,7,2024,0,2024-07-01,0.010050251256281407,0.0,0.0,0.0
8,0,0,0,1393,913,183,7,2024,0,2024-07-01,0.00574300071787509,0.0,0.0,0.0
9,0,0,0,1393,914,184,7,2024,0,2024-07-01,0.006460875807609476,0.0,0.0,0.0
10,0,0,0,1393,915,185,7,2024,0,2024-07-01,0.007178750897343862,0.0,0.0,0.0
12,0,0,0,1393,916,186,7,2024,0,2024-07-01,0.008614501076812634,0.0,0.0,0.0
10,0,0,0,1393,917,187,7,2024,0,2024-07-01,0.007178750897343862,0.0,0.0,0.0
5,0,0,0,1393,918,188,7,2024,0,2024-07-01,0.003589375448671931,0.0,0.0,0.0
15,0,0,0,1393,919,189,7,2024,0,2024-07-01,0.010768126346015794,0.0,0.0,0.0
12,0,0,0,1393,920,190,7,2024,0,2024-07-01,0.008614501076812634,0.0,0.0,0.0
11,0,0,0,1393,921,191,7,2024,0,2024-07-01,0.007896625987078248,0.0,0.0,0.0
8,0,0,0,1393,922,192,7,2024,0,2024-07-01,0.00574300071787509,0.0,0.0,0.0
14,0,0,0,1393,923,193,7,2024,0,2024-07-01,0.010050251256281407,0.0,0.0,0.0
7,0,0,0,1393,924,194,7,2024,0,2024-07-01,0.005025125628140704,0.0,0.0,0.0
7,0,0,0,1393,925,195,7,2024,0,2024-07-01,0.005025125628140704,0.0,0.0,0.0
10,0,0,0,1393,926,196,7,2024,0,2024-07-01,0.007178750897343862,0.0,0.0,0.0
7,0,0,0,1393,927,197,7,2024,0,2024-07-01,0.005025125628140704,0.0,0.0,0.0
6,0,0,0,1393,928,198,7,2024,0,2024-07-01,0.004307250538406317,0.0,0.0,0.0
16,0,0,0,1392,929,199,7,2024,0,2024-07-01,0.011494252873563218,0.0,0.0,0.0
7,0,0,0,1392,930,200,7,2024,0,2024-07-01,0.005028735632183908,0.0,0.0,0.0
13,0,0,0,1392,931,201,7,2024,0,2024-07-01,0.009339080459770116,0.0,0.0,0.0
8,0,0,0,1391,932,202,7,2024,0,2024-07-01,0.005751258087706686,0.0,0.0,0.0
7,0,0,0,1391,933,203,7,2024,0,2024-07-01,0.0050323508267433505,0.0,0.0,0.0
9,0,0,0,1391,934,204,7,2024,0,2024-07-01,0.006470165348670022,0.0,0.0,0.0
9,0,0,0,1391,935,205,7,2024,0,2024-07-01,0.006470165348670022,0.0,0.0,0.0
9,0,0,0,1391,936,206,7,2024,0,2024-07-01,0.006470165348670022,0.0,0.0,0.0
7,0,0,0,1391,937,207,7,2024,0,2024-07-01,0.0050323508267433505,0.0,0.0,0.0
6,0,0,0,1391,938,208,7,2024,0,2024-07-01,0.004313443565780014,0.0,0.0,0.0
10,0,0,0,1391,939,209,7,2024,0,2024-07-01,0.007189072609633357,0.0,0.0,0.0
10,0,0,0,1391,940,210,7,2024,0,2024-07-01,0.007189072609633357,0.0,0.0,0.0
9,0,0,0,1391,941,211,7,2024,0,2024-07-01,0.006470165348670022,0.0,0.0,0.0
6,0,0,0,1391,942,212,8,2024,0,2024-08-01,0.004313443565780014,0.0,0.0,0.0
7,0,0,0,1390,943,213,8,2024,0,2024-08-01,0.005035971223021582,0.0,0.0,0.0
8,0,0,0,1389,944,214,8,2024,0,2024-08-01,0.005759539236861051,0.0,0.0,0.0
11,0,0,0,1389,945,215,8,2024,0,2024-08-01,0.007919366450683946,0.0,0.0,0.0
15,0,0,0,1389,946,216,8,2024,0,2024-08-01,0.01079913606911447,0.0,0.0,0.0
7,0,0,0,1389,947,217,8,2024,0,2024-08-01,0.005039596832253419,0.0,0.0,0.0
10,0,0,0,1389,948,218,8,2024,0,2024-08-01,0.007199424046076314,0.0,0.0,0.0
8,0,0,0,1389,949,219,8,2024,0,2024-08-01,0.005759539236861051,0.0,0.0,0.0
8,0,0,0,1389,950,220,8,2024,0,2024-08-01,0.005759539236861051,0.0,0.0,0.0
8,0,0,0,1389,951,221,8,2024,0,2024-08-01,0.005759539236861051,0.0,0.0,0.0
15,0,0,0,1389,952,222,8,2024,0,2024-08-01,0.01079913606911447,0.0,0.0,0.0
12,0,0,0,1389,953,223,8,2024,0,2024-08-01,0.008639308855291577,0.0,0.0,0.0
9,0,0,0,1389,954,224,8,2024,0,2024-08-01,0.0064794816414686825,0.0,0.0,0.0
9,0,0,0,1389,955,225,8,2024,0,2024-08-01,0.0064794816414686825,0.0,0.0,0.0
9,0,0,0,1389,956,226,8,2024,0,2024-08-01,0.0064794816414686825,0.0,0.0,0.0
11,0,0,0,1389,957,227,8,2024,0,2024-08-01,0.007919366450683946,0.0,0.0,0.0
6,0,0,0,1389,958,228,8,2024,0,2024-08-01,0.004319654427645789,0.0,0.0,0.0
14,0,0,0,1388,959,229,8,2024,0,2024-08-01,0.010086455331412104,0.0,0.0,0.0
12,0,0,0,1388,960,230,8,2024,0,2024-08-01,0.008645533141210375,0.0,0.0,0.0
12,0,0,0,1388,961,231,8,2024,0,2024-08-01,0.008645533141210375,0.0,0.0,0.0
10,0,0,0,1387,962,232,8,2024,0,2024-08-01,0.007209805335255948,0.0,0.0,0.0
14,0,0,0,1387,963,233,8,2024,0,2024-08-01,0.010093727469358327,0.0,0.0,0.0
10,0,0,0,1387,964,234,8,2024,0,2024-08-01,0.007209805335255948,0.0,0.0,0.0
10,0,0,0,1387,965,235,8,2024,0,2024-08-01,0.007209805335255948,0.0,0.0,0.0
10,0,0,0,1387,966,236,8,2024,0,2024-08-01,0.007209805335255948,0.0,0.0,0.0
12,0,0,0,1387,967,237,8,2024,0,2024-08-01,0.008651766402307137,0.0,0.0,0.0
8,0,0,0,1387,968,238,8,2024,0,2024-08-01,0.005767844268204758,0.0,0.0,0.0
13,0,0,0,1387,969,239,8,2024,0,2024-08-01,0.009372746935832732,0.0,0.0,0.0
8,0,0,0,1387,970,240,8,2024,0,2024-08-01,0.005767844268204758,0.0,0.0,0.0
14,0,0,0,1386,971,241,8,2024,0,2024-08-01,0.010101010101010102,0.0,0.0,0.0
13,0,0,0,1386,972,242,8,2024,0,2024-08-01,0.00937950937950938,0.0,0.0,0.0
5,0,0,0,1386,973,243,9,2024,0,2024-09-01,0.0036075036075036075,0.0,0.0,0.0
9,0,0,0,1387,974,244,9,2024,0,2024-09-01,0.006488824801730353,0.0,0.0,0.0
9,0,0,0,1387,975,245,9,2024,0,2024-09-01,0.006488824801730353,0.0,0.0,0.0
7,0,0,0,1387,976,246,9,2024,0,2024-09-01,0.005046863734679163,0.0,0.0,0.0
6,0,0,0,1387,977,247,9,2024,0,2024-09-01,0.004325883201153569,0.0,0.0,0.0
10,0,0,0,1387,978,248,9,2024,0,2024-09-01,0.007209805335255948,0.0,0.0,0.0
7,0,0,0,1386,979,249,9,2024,0,2024-09-01,0.005050505050505051,0.0,0.0,0.0
9,0,0,0,1386,980,250,9,2024,0,2024-09-01,0.006493506493506494,0.0,0.0,0.0
8,0,0,0,1385,981,251,9,2024,0,2024-09-01,0.005776173285198556,0.0,0.0,0.0
11,0,0,0,1386,982,252,9,2024,0,2024-09-01,0.007936507936507936,0.0,0.0,0.0
13,0,0,0,1386,983,253,9,2024,0,2024-09-01,0.00937950937950938,0.0,0.0,0.0
11,0,0,0,1386,984,254,9,2024,0,2024-09-01,0.007936507936507936,0.0,0.0,0.0
9,0,0,0,1386,985,255,9,2024,0,2024-09-01,0.006493506493506494,0.0,0.0,0.0
18,0,0,0,1386,986,256,9,2024,0,2024-09-01,0.012987012987012988,0.0,0.0,0.0
10,0,0,0,1386,987,257,9,2024,0,2024-09-01,0.007215007215007215,0.0,0.0,0.0
8,0,0,0,1385,988,258,9,2024,0,2024-09-01,0.005776173285198556,0.0,0.0,0.0
12,0,0,0,1386,989,259,9,2024,0,2024-09-01,0.008658008658008658,0.0,0.0,0.0
8,0,0,0,1386,990,260,9,2024,0,2024-09-01,0.005772005772005772,0.0,0.0,0.0
12,0,0,0,1386,991,261,9,2024,0,2024-09-01,0.008658008658008658,0.0,0.0,0.0
9,0,0,0,1386,992,262,9,2024,0,2024-09-01,0.006493506493506494,0.0,0.0,0.0
9,0,0,0,1386,993,263,9,2024,0,2024-09-01,0.006493506493506494,0.0,0.0,0.0
6,0,0,0,1386,994,264,9,2024,0,2024-09-01,0.004329004329004329,0.0,0.0,0.0
13,0,0,0,1386,995,265,9,2024,0,2024-09-01,0.00937950937950938,0.0,0.0,0.0
11,0,0,0,1385,996,266,9,2024,0,2024-09-01,0.007942238267148015,0.0,0.0,0.0
13,0,0,0,1385,997,267,9,2024,0,2024-09-01,0.009386281588447653,0.0,0.0,0.0
10,0,0,0,1385,998,268,9,2024,0,2024-09-01,0.007220216606498195,0.0,0.0,0.0
6,0,0,0,1385,999,269,9,2024,0,2024-09-01,0.004332129963898917,0.0,0.0,0.0
13,0,0,0,1385,1000,270,9,2024,0,2024-09-01,0.009386281588447653,0.0,0.0,0.0
8,0,0,0,1385,1001,271,9,2024,0,2024-09-01,0.005776173285198556,0.0,0.0,0.0
9,0,0,0,1385,1002,272,9,2024,0,2024-09-01,0.006498194945848376,0.0,0.0,0.0
7,0,0,0,1384,1003,273,10,2024,0,2024-10-01,0.0050578034682080926,0.0,0.0,0.0
8,0,0,0,1384,1004,274,10,2024,0,2024-10-01,0.005780346820809248,0.0,0.0,0.0
10,0,0,0,1384,1005,275,10,2024,0,2024-10-01,0.0072254335260115606,0.0,0.0,0.0
10,0,0,0,1383,1006,276,10,2024,0,2024-10-01,0.0072306579898770785,0.0,0.0,0.0
11,0,0,0,1383,1007,277,10,2024,0,2024-10-01,0.007953723788864787,0.0,0.0,0.0
11,0,0,0,1382,1008,278,10,2024,0,2024-10-01,0.007959479015918957,0.0,0.0,0.0
7,0,0,0,1382,1009,279,10,2024,0,2024-10-01,0.005065123010130246,0.0,0.0,0.0
6,0,0,0,1382,1010,280,10,2024,0,2024-10-01,0.004341534008683068,0.0,0.0,0.0
10,0,0,0,1382,1011,281,10,2024,0,2024-10-01,0.00723589001447178,0.0,0.0,0.0
12,0,0,0,1382,1012,282,10,2024,0,2024-10-01,0.008683068017366137,0.0,0.0,0.0
9,0,0,0,1382,1013,283,10,2024,0,2024-10-01,0.006512301013024602,0.0,0.0,0.0
13,0,0,0,1382,1014,284,10,2024,0,2024-10-01,0.009406657018813314,0.0,0.0,0.0
10,0,0,0,1382,1015,285,10,2024,0,2024-10-01,0.00723589001447178,0.0,0.0,0.0
14,0,0,0,1383,1016,286,10,2024,0,2024-10-01,0.01012292118582791,0.0,0.0,0.0
11,0,0,0,1382,1017,287,10,2024,0,2024-10-01,0.007959479015918957,0.0,0.0,0.0
10,0,0,0,1382,1018,288,10,2024,0,2024-10-01,0.00723589001447178,0.0,0.0,0.0
8,0,0,0,1381,1019,289,10,2024,0,2024-10-01,0.005792903692976104,0.0,0.0,0.0
15,0,0,0,1381,1020,290,10,2024,0,2024-10-01,0.010861694424330196,0.0,0.0,0.0
5,0,0,0,1382,1021,291,10,2024,0,2024-10-01,0.00361794500723589,0.0,0.0,0.0
5,0,0,0,1382,1022,292,10,2024,0,2024-10-01,0.00361794500723589,0.0,0.0,0.0
20,0,0,0,1382,1023,293,10,2024,0,2024-10-01,0.01447178002894356,0.0,0.0,0.0
10,0,0,0,1381,1024,294,10,2024,0,2024-10-01,0.00724112961622013,0.0,0.0,0.0
11,0,0,0,1381,1025,295,10,2024,0,2024-10-01,0.007965242577842143,0.0,0.0,0.0
9,0,0,0,1381,1026,296,10,2024,0,2024-10-01,0.0065170166545981175,0.0,0.0,0.0
13,0,0,0,1381,1027,297,10,2024,0,2024-10-01,0.00941346850108617,0.0,0.0,0.0
15,0,0,0,1381,1028,298,10,2024,0,2024-10-01,0.010861694424330196,0.0,0.0,0.0
8,0,0,0,1381,1029,299,10,2024,0,2024-10-01,0.005792903692976104,0.0,0.0,0.0
9,0,0,0,1381,1030,300,10,2024,0,2024-10-01,0.0065170166545981175,0.0,0.0,0.0
9,0,0,0,1381,1031,301,10,2024,0,2024-10-01,0.0065170166545981175,0.0,0.0,0.0
8,0,0,0,1381,1032,302,10,2024,0,2024-10-01,0.005792903692976104,0.0,0.0,0.0
6,0,0,0,1381,1033,303,10,2024,0,2024-10-01,0.004344677769732078,0.0,0.0,0.0
12,0,0,0,1381,1034,304,11,2024,0,2024-11-01,0.008689355539464157,0.0,0.0,0.0
10,0,0,0,1381,1035,305,11,2024,0,2024-11-01,0.00724112961622013,0.0,0.0,0.0
12,0,0,0,1381,1036,306,11,2024,0,2024-11-01,0.008689355539464157,0.0,0.0,0.0
8,0,0,0,1380,1037,307,11,2024,0,2024-11-01,0.005797101449275362,0.0,0.0,0.0
9,0,0,0,1380,1038,308,11,2024,0,2024-11-01,0.006521739130434782,0.0,0.0,0.0
6,0,0,0,1379,1039,309,11,2024,0,2024-11-01,0.00435097897026831,0.0,0.0,0.0
11,0,0,0,1379,1040,310,11,2024,0,2024-11-01,0.007976794778825236,0.0,0.0,0.0
13,0,0,0,1379,1041,311,11,2024,0,2024-11-01,0.009427121102248005,0.0,0.0,0.0
13,0,0,0,1379,1042,312,11,2024,0,2024-11-01,0.009427121102248005,0.0,0.0,0.0
9,0,0,0,1379,1043,313,11,2024,0,2024-11-01,0.006526468455402465,0.0,0.0,0.0
6,0,0,0,1379,1044,314,11,2024,0,2024-11-01,0.00435097897026831,0.0,0.0,0.0
10,0,0,0,1379,1045,315,11,2024,0,2024-11-01,0.007251631617113851,0.0,0.0,0.0
6,0,0,0,1379,1046,316,11,2024,0,2024-11-01,0.00435097897026831,0.0,0.0,0.0
11,0,0,0,1379,1047,317,11,2024,0,2024-11-01,0.007976794778825236,0.0,0.0,0.0
10,0,0,0,1379,1048,318,11,2024,0,2024-11-01,0.007251631617113851,0.0,0.0,0.0
8,0,0,0,1379,1049,319,11,2024,0,2024-11-01,0.005801305293691081,0.0,0.0,0.0
15,0,0,0,1378,1050,320,11,2024,0,2024-11-01,0.01088534107402032,0.0,0.0,0.0
10,0,0,0,1378,1051,321,11,2024,0,2024-11-01,0.00725689404934688,0.0,0.0,0.0
8,0,0,0,1378,1052,322,11,2024,0,2024-11-01,0.005805515239477504,0.0,0.0,0.0
8,0,0,0,1378,1053,323,11,2024,0,2024-11-01,0.005805515239477504,0.0,0.0,0.0
11,0,0,0,1378,1054,324,11,2024,0,2024-11-01,0.007982583454281567,0.0,0.0,0.0
14,0,0,0,1378,1055,325,11,2024,0,2024-11-01,0.010159651669085631,0.0,0.0,0.0
13,0,0,0,1378,1056,326,11,2024,0,2024-11-01,0.009433962264150943,0.0,0.0,0.0
9,0,0,0,1377,1057,327,11,2024,0,2024-11-01,0.006535947712418301,0.0,0.0,0.0
8,0,0,0,1377,1058,328,11,2024,0,2024-11-01,0.005809731299927378,0.0,0.0,0.0
8,0,0,0,1377,1059,329,11,2024,0,2024-11-01,0.005809731299927378,0.0,0.0,0.0
13,0,0,0,1377,1060,330,11,2024,0,2024-11-01,0.00944081336238199,0.0,0.0,0.0
9,0,0,0,1378,1061,331,11,2024,0,2024-11-01,0.006531204644412192,0.0,0.0,0.0
7,0,0,0,1378,1062,332,11,2024,0,2024-11-01,0.0050798258345428155,0.0,0.0,0.0
12,0,0,0,1376,1063,333,11,2024,0,2024-11-01,0.00872093023255814,0.0,0.0,0.0
9,0,0,0,1376,1064,334,12,2024,0,2024-12-01,0.006540697674418605,0.0,0.0,0.0
8,0,0,0,1377,1065,335,12,2024,0,2024-12-01,0.005809731299927378,0.0,0.0,0.0
6,0,0,0,1377,1066,336,12,2024,0,2024-12-01,0.004357298474945534,0.0,0.0,0.0
9,0,0,0,1378,1067,337,12,2024,0,2024-12-01,0.006531204644412192,0.0,0.0,0.0
11,0,0,0,1378,1068,338,12,2024,0,2024-12-01,0.007982583454281567,0.0,0.0,0.0
8,0,0,0,1378,1069,339,12,2024,0,2024-12-01,0.005805515239477504,0.0,0.0,0.0
14,0,0,0,1378,1070,340,12,2024,0,2024-12-01,0.010159651669085631,0.0,0.0,0.0
13,0,0,0,1378,1071,341,12,2024,0,2024-12-01,0.009433962264150943,0.0,0.0,0.0
9,0,0,0,1378,1072,342,12,2024,0,2024-12-01,0.006531204644412192,0.0,0.0,0.0
8,0,0,0,1378,1073,343,12,2024,0,2024-12-01,0.005805515239477504,0.0,0.0,0.0
16,0,0,0,1378,1074,344,12,2024,0,2024-12-01,0.011611030478955007,0.0,0.0,0.0
8,0,0,0,1378,1075,345,12,2024,0,2024-12-01,0.005805515239477504,0.0,0.0,0.0
8,0,0,0,1378,1076,346,12,2024,0,2024-12-01,0.005805515239477504,0.0,0.0,0.0
12,0,0,0,1378,1077,347,12,2024,0,2024-12-01,0.008708272859216255,0.0,0.0,0.0
8,0,0,0,1378,1078,348,12,2024,0,2024-12-01,0.005805515239477504,0.0,0.0,0.0
8,0,0,0,1378,1079,349,12,2024,0,2024-12-01,0.005805515239477504,0.0,0.0,0.0
11,0,0,0,1378,1080,350,12,2024,0,2024-12-01,0.007982583454281567,0.0,0.0,0.0
9,0,0,0,1378,1081,351,12,2024,0,2024-12-01,0.006531204644412192,0.0,0.0,0.0
10,0,0,0,1379,1082,352,12,2024,0,2024-12-01,0.007251631617113851,0.0,0.0,0.0
10,0,0,0,1379,1083,353,12,2024,0,2024-12-01,0.007251631617113851,0.0,0.0,0.0
9,0,0,0,1378,1084,354,12,2024,0,2024-12-01,0.006531204644412192,0.0,0.0,0.0
10,0,0,0,1378,1085,355,12,2024,0,2024-12-01,0.00725689404934688,0.0,0.0,0.0
12,0,0,0,1379,1086,356,12,2024,0,2024-12-01,0.00870195794053662,0.0,0.0,0.0
15,0,0,0,1379,1087,357,12,2024,0,2024-12-01,0.010877447425670777,0.0,0.0,0.0
8,0,0,0,1379,1088,358,12,2024,0,2024-12-01,0.005801305293691081,0.0,0.0,0.0
8,0,0,0,1379,1089,359,12,2024,0,2024-12-01,0.005801305293691081,0.0,0.0,0.0
10,0,0,0,1379,1090,360,12,2024,0,2024-12-01,0.007251631617113851,0.0,0.0,0.0
7,0,0,0,1379,1091,361,12,2024,0,2024-12-01,0.005076142131979695,0.0,0.0,0.0
12,0,0,0,1379,1092,362,12,2024,0,2024-12-01,0.00870195794053662,0.0,0.0,0.0
5,0,0,0,1379,1093,363,12,2024,0,2024-12-01,0.0036258158085569255,0.0,0.0,0.0
11,0,0,0,1379,1094,364,12,2024,0,2024-12-01,0.007976794778825236,0.0,0.0,0.0
